USE edb;

INSERT INTO users
        (login, name, email, phone, description, password_hash)
    VALUES 
        ('c1_admin', 'Админ Компаньевич Первый', 'admin@company_first.ru', '79991111111', 'Администратор из Компании №1', '5645607562c895e14c5cd4f451b4fbf8'),
        ('c1_user', 'Юзер Компаньевич Первый', 'user@company_first.ru', '79991111112', 'Пользователь из Компании №1', '616fea22fa578f0d32fa466ebcd2471f'),
        ('c1_server', 'Сервер Компаньевич Первый', 'server@company_first.ru', '79991111113', 'Автоматический сервис в Компании №1', '60032531b47af5a122f208ac12856932');

    
INSERT INTO config 
        (name, description, user_id)
    VALUES 
        ('Большая компания-владелец автоматизированной системы', 'Адрес - в центре, Телефон - красный, Почта - красивая', (SELECT id FROM users WHERE login LIKE '%admin' LIMIT 1));

    
INSERT INTO meters_types
        (manufacturer, model, modification, description, user_id)
    VALUES 
        ('Мега-производитель счетчиков', 'Крутая серия счетчиков', 'Самая дорогая модификация', 'Счетчик электрический. Сияет как гирлянда. Передает данные силой мысли', (SELECT id FROM users WHERE login LIKE '%server' LIMIT 1)),
        ('Мега-производитель счетчиков', 'Крутая серия счетчиков', 'Самая дешевая модификация', 'Счетчик электрический. Гирлянды нет. Передает данные по проводам', (SELECT id FROM users WHERE login LIKE '%server' LIMIT 1)),
        ('Производитель счетчиков из деревни', 'Квадратная серия счетчиков', 'Серый счетчик', 'Счетчик электрический. Передает данные только вручную', (SELECT id FROM users WHERE login LIKE '%server' LIMIT 1));


INSERT INTO data_providers
        (id, name, description, user_id)
    VALUES 
        (1, 'Счетчик', 'Достоверные данные полученные напрямую из счетчика', (SELECT id FROM users WHERE login LIKE '%server' LIMIT 1)),
        (2, 'Оператор', 'Данные введены оператором', (SELECT id FROM users WHERE login LIKE '%server' LIMIT 1)),
        (3, 'Корректировка', 'Данные откорректированы вручную', (SELECT id FROM users WHERE login LIKE '%server' LIMIT 1));


INSERT INTO companies
        (name, description, user_id)
    VALUES 
        ('Компания-поставщик энергоресурса', 'Мы поставляем всем много энергоресурса', (SELECT id FROM users WHERE login LIKE '%admin' LIMIT 1)),
        ('Компания-потребитель', 'Мы транзитом потребляем энергоресурс', (SELECT id FROM users WHERE login LIKE '%admin' LIMIT 1)),
        ('Маленький потребитель', 'Мы потребляем мало, транзитом и счетчики списываем вручную', (SELECT id FROM users WHERE login LIKE '%admin' LIMIT 1)),
        ('Основной потребитель', 'Мы потребляеммного, но у нас нет своих счетчиков', (SELECT id FROM users WHERE login LIKE '%admin' LIMIT 1));
    

INSERT INTO objects
        (company_id, name, description, user_id)
    VALUES 
        (1, 'Основная подстанция', 'Основная подстанция для поставки энергоресурса', (SELECT id FROM users WHERE login LIKE '%admin' LIMIT 1)),
        (1, 'Резервная подстанция', 'Резервная подстанция для поставки энергоресурса', (SELECT id FROM users WHERE login LIKE '%admin' LIMIT 1)),
        (2, 'Основная подстанция', 'Основная подстанция потребителя', (SELECT id FROM users WHERE login LIKE '%admin' LIMIT 1)),
        (3, 'Маленькая подстанция', 'Маленькая подстанция маленького потребителя', (SELECT id FROM users WHERE login LIKE '%admin' LIMIT 1)),
        (4, 'Основное производство', 'Наше потребление - это разница между приемом от Поставщика и отдачей Потребителям.', (SELECT id FROM users WHERE login LIKE '%admin' LIMIT 1));


    INSERT INTO groups_in_objects
        (company_id, object_id, lvl, name, description, user_id)
    VALUES 
        (1, 1, '35 кВ', 'Секция 1', 'Секция 1 35кВ на Основной подстанции компании-поставщика', (SELECT id FROM users WHERE login LIKE '%admin' LIMIT 1)),
        (1, 2, '35 кВ', 'Секция 2', 'Секция 2 35кВ на Резервной подстанции компании-поставщика', (SELECT id FROM users WHERE login LIKE '%admin' LIMIT 1)),
        (2, 3, '6 кВ', 'Секция 1', 'Секция 1 6кВ на Основной подстанции потребителя', (SELECT id FROM users WHERE login LIKE '%admin' LIMIT 1)),
        (3, 4, '0,4 кВ', 'Секция 1', 'Секция 1 0,4кВ на Маленькой подстанции маленького потребителя', (SELECT id FROM users WHERE login LIKE '%admin' LIMIT 1));
        

    INSERT INTO meters
        (company_id, object_id, group_in_object_id, point_name, type_id, name, km, i1, i2, u1, u2, int_frame, verify_date, serial_num, description, user_id)
    VALUES 
        (1, 1, 1, 'Фидер 1', 1, 'Важная точка подключения 1', 1, 1000, 5, 35000, 100, 30, '2020-01-01', 1111111111, 'Описание важной точки подключения 1', (SELECT id FROM users WHERE login LIKE '%admin' LIMIT 1)),
        (1, 1, 1, 'Фидер 2', 1, 'Важная точка подключения 2', 1, 1000, 5, 35000, 100, 30, '2020-01-01', 2222222222, 'Описание важной точки подключения 2', (SELECT id FROM users WHERE login LIKE '%admin' LIMIT 1)),
        (1, 2, 2, 'Фидер 1', 1, 'Важная точка подключения 3', 1, 1000, 5, 35000, 100, 30, '2020-01-01', 3333333333, 'Описание важной точки подключения 3', (SELECT id FROM users WHERE login LIKE '%admin' LIMIT 1)),
        (1, 2, 2, 'Фидер 2', 1, 'Важная точка подключения 4', 1, 1000, 5, 35000, 100, 30, '2020-01-01', 4444444444, 'Описание важной точки подключения 4', (SELECT id FROM users WHERE login LIKE '%admin' LIMIT 1)),
        (2, 3, 3, 'Фидер 1', 2, 'Точка подключения потребителя', 1, 600, 5, 6000, 100, 30, '2020-01-01', 5555555555, 'Описание точки подключения потребителя', (SELECT id FROM users WHERE login LIKE '%admin' LIMIT 1)),
        (3, 4, 4, 'Фидер 1', 3, 'Точка подключения маленького потребителя', 1, 300, 5, 1, 1, 30, NULL, 66666666, 'Описание точки подключения маленького потребителя', (SELECT id FROM users WHERE login LIKE '%admin' LIMIT 1));
    

    INSERT INTO list_of_groups
        (company_id, object_id, name, description, user_id)
    VALUES 
        (4, 5, 'Потребление основного производства', 'Разница между приемом и отдачей', (SELECT id FROM users WHERE login LIKE '%admin' LIMIT 1)),
        (4, 5, 'Прием от поставщика', 'Только прием', (SELECT id FROM users WHERE login LIKE '%admin' LIMIT 1)),
        (4, 5, 'Отдача потребителю', 'Отдача основному потребителю', (SELECT id FROM users WHERE login LIKE '%admin' LIMIT 1)),
        (4, 5, 'Отдача маленькому поотребителю', 'Отдача маленькому потребителю', (SELECT id FROM users WHERE login LIKE '%admin' LIMIT 1));
    

    INSERT INTO structure_groups
        (group_id, meter_id, sign, user_id)
    VALUES 
        (1, 1, '+', (SELECT id FROM users WHERE login LIKE '%admin' LIMIT 1)),
        (1, 2, '+', (SELECT id FROM users WHERE login LIKE '%admin' LIMIT 1)),
        (1, 3, '+', (SELECT id FROM users WHERE login LIKE '%admin' LIMIT 1)),
        (1, 4, '+', (SELECT id FROM users WHERE login LIKE '%admin' LIMIT 1)),
        (1, 5, '-', (SELECT id FROM users WHERE login LIKE '%admin' LIMIT 1)),
        (1, 6, '-', (SELECT id FROM users WHERE login LIKE '%admin' LIMIT 1)),
        (2, 1, '+', (SELECT id FROM users WHERE login LIKE '%admin' LIMIT 1)),
        (2, 2, '+', (SELECT id FROM users WHERE login LIKE '%admin' LIMIT 1)),
        (2, 3, '+', (SELECT id FROM users WHERE login LIKE '%admin' LIMIT 1)),
        (2, 4, '+', (SELECT id FROM users WHERE login LIKE '%admin' LIMIT 1)),
        (3, 5, '-', (SELECT id FROM users WHERE login LIKE '%admin' LIMIT 1)),
        (4, 6, '-', (SELECT id FROM users WHERE login LIKE '%admin' LIMIT 1));
    

    INSERT INTO meters_data
        (value_date, int_num, int_val, indication, data_provider_id, meter_id, serial_num, user_id)
    VALUES 
        ('2021-08-01', 1, 309.4, 0.00442, 1, 1, 1111111111, 3),
        ('2021-08-01', 1, 285.6, 0.00408, 1, 2, 2222222222, 3),
        ('2021-08-01', 1, 278.6, 0.00398, 1, 3, 3333333333, 3),
        ('2021-08-01', 1, 274.4, 0.00392, 1, 4, 4444444444, 3),
        ('2021-08-01', 1, 22.536, 0.00313, 1, 5, 5555555555, 3),
        ('2021-08-01', 1, 0.3984, 0.00664, 2, 6, 66666666, 2),
        ('2021-08-01', 2, 212.8, 0.00746, 1, 1, 1111111111, 3),
        ('2021-08-01', 2, 184.8, 0.00672, 1, 2, 2222222222, 3),
        ('2021-08-01', 2, 147.7, 0.00609, 1, 3, 3333333333, 3),
        ('2021-08-01', 2, 266.0, 0.00772, 1, 4, 4444444444, 3),
        ('2021-08-01', 2, 17.496, 0.00556, 1, 5, 5555555555, 3),
        ('2021-08-01', 2, 0.3648, 0.01272, 2, 6, 66666666, 2),
        ('2021-08-01', 3, 399.0, 0.01316, 1, 1, 1111111111, 3),
        ('2021-08-01', 3, 461.3, 0.01331, 1, 2, 2222222222, 3),
        ('2021-08-01', 3, 347.2, 0.01105, 1, 3, 3333333333, 3),
        ('2021-08-01', 3, 463.4, 0.01434, 1, 4, 4444444444, 3),
        ('2021-08-01', 3, 20.664, 0.00843, 1, 5, 5555555555, 3),
        ('2021-08-01', 3, 0.3468, 0.0185, 2, 6, 66666666, 2),
        ('2021-08-01', 4, 359.8, 0.0183, 1, 1, 1111111111, 3),
        ('2021-08-01', 4, 189.7, 0.01602, 1, 2, 2222222222, 3),
        ('2021-08-01', 4, 483.7, 0.01796, 1, 3, 3333333333, 3),
        ('2021-08-01', 4, 397.6, 0.02002, 1, 4, 4444444444, 3),
        ('2021-08-01', 4, 36.648, 0.01352, 1, 5, 5555555555, 3),
        ('2021-08-01', 4, 0.5166, 0.02711, 2, 6, 66666666, 2),
        ('2021-08-01', 5, 373.1, 0.02363, 1, 1, 1111111111, 3),
        ('2021-08-01', 5, 555.1, 0.02395, 1, 2, 2222222222, 3),
        ('2021-08-01', 5, 499.8, 0.0251, 1, 3, 3333333333, 3),
        ('2021-08-01', 5, 401.1, 0.02575, 1, 4, 4444444444, 3),
        ('2021-08-01', 5, 68.256, 0.023, 1, 5, 5555555555, 3),
        ('2021-08-01', 5, 0.5772, 0.03673, 2, 6, 66666666, 2),
        ('2021-08-01', 6, 557.2, 0.03159, 1, 1, 1111111111, 3),
        ('2021-08-01', 6, 199.5, 0.0268, 1, 2, 2222222222, 3),
        ('2021-08-01', 6, 106.4, 0.02662, 1, 3, 3333333333, 3),
        ('2021-08-01', 6, 602.7, 0.03436, 1, 4, 4444444444, 3),
        ('2021-08-01', 6, 12.456, 0.02473, 1, 5, 5555555555, 3),
        ('2021-08-01', 6, 0.5346, 0.04564, 2, 6, 66666666, 2),
        ('2021-08-01', 7, 284.9, 0.03566, 1, 1, 1111111111, 3),
        ('2021-08-01', 7, 575.4, 0.03502, 1, 2, 2222222222, 3),
        ('2021-08-01', 7, 638.4, 0.03574, 1, 3, 3333333333, 3),
        ('2021-08-01', 7, 319.9, 0.03893, 1, 4, 4444444444, 3),
        ('2021-08-01', 7, 41.832, 0.03054, 1, 5, 5555555555, 3),
        ('2021-08-01', 7, 0.1626, 0.04835, 2, 6, 66666666, 2),
        ('2021-08-01', 8, 433.3, 0.04185, 1, 1, 1111111111, 3),
        ('2021-08-01', 8, 98.0, 0.03642, 1, 2, 2222222222, 3),
        ('2021-08-01', 8, 333.2, 0.0405, 1, 3, 3333333333, 3),
        ('2021-08-01', 8, 407.4, 0.04475, 1, 4, 4444444444, 3),
        ('2021-08-01', 8, 28.008, 0.03443, 1, 5, 5555555555, 3),
        ('2021-08-01', 8, 0.3138, 0.05358, 2, 6, 66666666, 2),
        ('2021-08-01', 9, 282.1, 0.04588, 1, 1, 1111111111, 3),
        ('2021-08-01', 9, 273.7, 0.04033, 1, 2, 2222222222, 3),
        ('2021-08-01', 9, 438.9, 0.04677, 1, 3, 3333333333, 3),
        ('2021-08-01', 9, 218.4, 0.04787, 1, 4, 4444444444, 3),
        ('2021-08-01', 9, 21.456, 0.03741, 1, 5, 5555555555, 3),
        ('2021-08-01', 9, 0.1152, 0.0555, 2, 6, 66666666, 2),
        ('2021-08-01', 10, 276.5, 0.04983, 1, 1, 1111111111, 3),
        ('2021-08-01', 10, 655.9, 0.0497, 1, 2, 2222222222, 3),
        ('2021-08-01', 10, 301.0, 0.05107, 1, 3, 3333333333, 3),
        ('2021-08-01', 10, 441.7, 0.05418, 1, 4, 4444444444, 3),
        ('2021-08-01', 10, 22.968, 0.0406, 1, 5, 5555555555, 3),
        ('2021-08-01', 10, 0.168, 0.0583, 2, 6, 66666666, 2),
        ('2021-08-01', 11, 597.1, 0.05836, 1, 1, 1111111111, 3),
        ('2021-08-01', 11, 425.6, 0.05578, 1, 2, 2222222222, 3),
        ('2021-08-01', 11, 101.5, 0.05252, 1, 3, 3333333333, 3),
        ('2021-08-01', 11, 324.8, 0.05882, 1, 4, 4444444444, 3),
        ('2021-08-01', 11, 34.272, 0.04536, 1, 5, 5555555555, 3),
        ('2021-08-01', 11, 0.3642, 0.06437, 2, 6, 66666666, 2),
        ('2021-08-01', 12, 140.7, 0.06037, 1, 1, 1111111111, 3),
        ('2021-08-01', 12, 471.8, 0.06252, 1, 2, 2222222222, 3),
        ('2021-08-01', 12, 465.5, 0.05917, 1, 3, 3333333333, 3),
        ('2021-08-01', 12, 100.8, 0.06026, 1, 4, 4444444444, 3),
        ('2021-08-01', 12, 29.304, 0.04943, 1, 5, 5555555555, 3),
        ('2021-08-01', 12, 0.207, 0.06782, 2, 6, 66666666, 2),
        ('2021-08-01', 13, 459.9, 0.06694, 1, 1, 1111111111, 3),
        ('2021-08-01', 13, 237.3, 0.06591, 1, 2, 2222222222, 3),
        ('2021-08-01', 13, 417.2, 0.06513, 1, 3, 3333333333, 3),
        ('2021-08-01', 13, 460.6, 0.06684, 1, 4, 4444444444, 3),
        ('2021-08-01', 13, 20.664, 0.0523, 1, 5, 5555555555, 3),
        ('2021-08-01', 13, 0.366, 0.07392, 2, 6, 66666666, 2),
        ('2021-08-01', 14, 234.5, 0.07029, 1, 1, 1111111111, 3),
        ('2021-08-01', 14, 387.1, 0.07144, 1, 2, 2222222222, 3),
        ('2021-08-01', 14, 173.6, 0.06761, 1, 3, 3333333333, 3),
        ('2021-08-01', 14, 430.5, 0.07299, 1, 4, 4444444444, 3),
        ('2021-08-01', 14, 43.2, 0.0583, 1, 5, 5555555555, 3),
        ('2021-08-01', 14, 0.465, 0.08167, 2, 6, 66666666, 2),
        ('2021-08-01', 15, 277.9, 0.07426, 1, 1, 1111111111, 3),
        ('2021-08-01', 15, 523.6, 0.07892, 1, 2, 2222222222, 3),
        ('2021-08-01', 15, 277.9, 0.07158, 1, 3, 3333333333, 3),
        ('2021-08-01', 15, 660.1, 0.08242, 1, 4, 4444444444, 3),
        ('2021-08-01', 15, 40.896, 0.06398, 1, 5, 5555555555, 3),
        ('2021-08-01', 15, 0.3732, 0.08789, 2, 6, 66666666, 2),
        ('2021-08-01', 16, 598.5, 0.08281, 1, 1, 1111111111, 3),
        ('2021-08-01', 16, 589.4, 0.08734, 1, 2, 2222222222, 3),
        ('2021-08-01', 16, 333.2, 0.07634, 1, 3, 3333333333, 3),
        ('2021-08-01', 16, 79.8, 0.08356, 1, 4, 4444444444, 3),
        ('2021-08-01', 16, 10.152, 0.06539, 1, 5, 5555555555, 3),
        ('2021-08-01', 16, 0.3138, 0.09312, 2, 6, 66666666, 2),
        ('2021-08-01', 17, 169.4, 0.08523, 1, 1, 1111111111, 3),
        ('2021-08-01', 17, 438.2, 0.0936, 1, 2, 2222222222, 3),
        ('2021-08-01', 17, 526.4, 0.08386, 1, 3, 3333333333, 3),
        ('2021-08-01', 17, 529.9, 0.09113, 1, 4, 4444444444, 3),
        ('2021-08-01', 17, 48.384, 0.07211, 1, 5, 5555555555, 3),
        ('2021-08-01', 17, 0.33, 0.09862, 2, 6, 66666666, 2),
        ('2021-08-01', 18, 86.8, 0.08647, 1, 1, 1111111111, 3),
        ('2021-08-01', 18, 501.2, 0.10076, 1, 2, 2222222222, 3),
        ('2021-08-01', 18, 532.7, 0.09147, 1, 3, 3333333333, 3),
        ('2021-08-01', 18, 438.2, 0.09739, 1, 4, 4444444444, 3),
        ('2021-08-01', 18, 17.208, 0.0745, 1, 5, 5555555555, 3),
        ('2021-08-01', 18, 0.5958, 0.10855, 2, 6, 66666666, 2),
        ('2021-08-01', 19, 156.8, 0.08871, 1, 1, 1111111111, 3),
        ('2021-08-01', 19, 255.5, 0.10441, 1, 2, 2222222222, 3),
        ('2021-08-01', 19, 315.7, 0.09598, 1, 3, 3333333333, 3),
        ('2021-08-01', 19, 609.0, 0.10609, 1, 4, 4444444444, 3),
        ('2021-08-01', 19, 63.936, 0.08338, 1, 5, 5555555555, 3),
        ('2021-08-01', 19, 0.0756, 0.10981, 2, 6, 66666666, 2),
        ('2021-08-01', 20, 471.1, 0.09544, 1, 1, 1111111111, 3),
        ('2021-08-01', 20, 578.2, 0.11267, 1, 2, 2222222222, 3),
        ('2021-08-01', 20, 697.9, 0.10595, 1, 3, 3333333333, 3),
        ('2021-08-01', 20, 217.7, 0.1092, 1, 4, 4444444444, 3),
        ('2021-08-01', 20, 37.8, 0.08863, 1, 5, 5555555555, 3),
        ('2021-08-01', 20, 0.2262, 0.11358, 2, 6, 66666666, 2),
        ('2021-08-01', 21, 98.0, 0.09684, 1, 1, 1111111111, 3),
        ('2021-08-01', 21, 332.5, 0.11742, 1, 2, 2222222222, 3),
        ('2021-08-01', 21, 318.5, 0.1105, 1, 3, 3333333333, 3),
        ('2021-08-01', 21, 315.0, 0.1137, 1, 4, 4444444444, 3),
        ('2021-08-01', 21, 46.944, 0.09515, 1, 5, 5555555555, 3),
        ('2021-08-01', 21, 0.1032, 0.1153, 2, 6, 66666666, 2),
        ('2021-08-01', 22, 205.8, 0.09978, 1, 1, 1111111111, 3),
        ('2021-08-01', 22, 597.8, 0.12596, 1, 2, 2222222222, 3),
        ('2021-08-01', 22, 688.8, 0.12034, 1, 3, 3333333333, 3),
        ('2021-08-01', 22, 178.5, 0.11625, 1, 4, 4444444444, 3),
        ('2021-08-01', 22, 17.064, 0.09752, 1, 5, 5555555555, 3),
        ('2021-08-01', 22, 0.2178, 0.11893, 2, 6, 66666666, 2),
        ('2021-08-01', 23, 219.1, 0.10291, 1, 1, 1111111111, 3),
        ('2021-08-01', 23, 370.3, 0.13125, 1, 2, 2222222222, 3),
        ('2021-08-01', 23, 611.1, 0.12907, 1, 3, 3333333333, 3),
        ('2021-08-01', 23, 202.3, 0.11914, 1, 4, 4444444444, 3),
        ('2021-08-01', 23, 23.184, 0.10074, 1, 5, 5555555555, 3),
        ('2021-08-01', 23, 0.2412, 0.12295, 2, 6, 66666666, 2),
        ('2021-08-01', 24, 632.1, 0.11194, 1, 1, 1111111111, 3),
        ('2021-08-01', 24, 168.0, 0.13365, 1, 2, 2222222222, 3),
        ('2021-08-01', 24, 682.5, 0.13882, 1, 3, 3333333333, 3),
        ('2021-08-01', 24, 269.5, 0.12299, 1, 4, 4444444444, 3),
        ('2021-08-01', 24, 28.368, 0.10468, 1, 5, 5555555555, 3),
        ('2021-08-01', 24, 0.2622, 0.12732, 2, 6, 66666666, 2),
        ('2021-08-01', 25, 233.1, 0.11527, 1, 1, 1111111111, 3),
        ('2021-08-01', 25, 321.3, 0.13824, 1, 2, 2222222222, 3),
        ('2021-08-01', 25, 476.0, 0.14562, 1, 3, 3333333333, 3),
        ('2021-08-01', 25, 107.1, 0.12452, 1, 4, 4444444444, 3),
        ('2021-08-01', 25, 23.256, 0.10791, 1, 5, 5555555555, 3),
        ('2021-08-01', 25, 0.5004, 0.13566, 2, 6, 66666666, 2),
        ('2021-08-01', 26, 641.9, 0.12444, 1, 1, 1111111111, 3),
        ('2021-08-01', 26, 244.3, 0.14173, 1, 2, 2222222222, 3),
        ('2021-08-01', 26, 264.6, 0.1494, 1, 3, 3333333333, 3),
        ('2021-08-01', 26, 410.2, 0.13038, 1, 4, 4444444444, 3),
        ('2021-08-01', 26, 19.944, 0.11068, 1, 5, 5555555555, 3),
        ('2021-08-01', 26, 0.5622, 0.14503, 2, 6, 66666666, 2),
        ('2021-08-01', 27, 312.9, 0.12891, 1, 1, 1111111111, 3),
        ('2021-08-01', 27, 562.1, 0.14976, 1, 2, 2222222222, 3),
        ('2021-08-01', 27, 275.1, 0.15333, 1, 3, 3333333333, 3),
        ('2021-08-01', 27, 439.6, 0.13666, 1, 4, 4444444444, 3),
        ('2021-08-01', 27, 33.984, 0.1154, 1, 5, 5555555555, 3),
        ('2021-08-01', 27, 0.1554, 0.14762, 2, 6, 66666666, 2),
        ('2021-08-01', 28, 382.9, 0.13438, 1, 1, 1111111111, 3),
        ('2021-08-01', 28, 277.9, 0.15373, 1, 2, 2222222222, 3),
        ('2021-08-01', 28, 458.5, 0.15988, 1, 3, 3333333333, 3),
        ('2021-08-01', 28, 620.2, 0.14552, 1, 4, 4444444444, 3),
        ('2021-08-01', 28, 51.336, 0.12253, 1, 5, 5555555555, 3),
        ('2021-08-01', 28, 0.1926, 0.15083, 2, 6, 66666666, 2),
        ('2021-08-01', 29, 81.2, 0.13554, 1, 1, 1111111111, 3),
        ('2021-08-01', 29, 469.7, 0.16044, 1, 2, 2222222222, 3),
        ('2021-08-01', 29, 573.3, 0.16807, 1, 3, 3333333333, 3),
        ('2021-08-01', 29, 668.5, 0.15507, 1, 4, 4444444444, 3),
        ('2021-08-01', 29, 57.096, 0.13046, 1, 5, 5555555555, 3),
        ('2021-08-01', 29, 0.3942, 0.1574, 2, 6, 66666666, 2),
        ('2021-08-01', 30, 179.2, 0.1381, 1, 1, 1111111111, 3),
        ('2021-08-01', 30, 317.8, 0.16498, 1, 2, 2222222222, 3),
        ('2021-08-01', 30, 234.5, 0.17142, 1, 3, 3333333333, 3),
        ('2021-08-01', 30, 201.6, 0.15795, 1, 4, 4444444444, 3),
        ('2021-08-01', 30, 52.92, 0.13781, 1, 5, 5555555555, 3),
        ('2021-08-01', 30, 0.3834, 0.16379, 2, 6, 66666666, 2),
        ('2021-08-01', 31, 562.8, 0.14614, 1, 1, 1111111111, 3),
        ('2021-08-01', 31, 232.4, 0.1683, 1, 2, 2222222222, 3),
        ('2021-08-01', 31, 194.6, 0.1742, 1, 3, 3333333333, 3),
        ('2021-08-01', 31, 387.1, 0.16348, 1, 4, 4444444444, 3),
        ('2021-08-01', 31, 16.704, 0.14013, 1, 5, 5555555555, 3),
        ('2021-08-01', 31, 0.066, 0.16489, 2, 6, 66666666, 2),
        ('2021-08-01', 32, 457.1, 0.15267, 1, 1, 1111111111, 3),
        ('2021-08-01', 32, 494.9, 0.17537, 1, 2, 2222222222, 3),
        ('2021-08-01', 32, 287.0, 0.1783, 1, 3, 3333333333, 3),
        ('2021-08-01', 32, 473.2, 0.17024, 1, 4, 4444444444, 3),
        ('2021-08-01', 32, 28.08, 0.14403, 1, 5, 5555555555, 3),
        ('2021-08-01', 32, 0.0984, 0.16653, 2, 6, 66666666, 2),
        ('2021-08-01', 33, 394.8, 0.15831, 1, 1, 1111111111, 3),
        ('2021-08-01', 33, 669.2, 0.18493, 1, 2, 2222222222, 3),
        ('2021-08-01', 33, 637.0, 0.1874, 1, 3, 3333333333, 3),
        ('2021-08-01', 33, 83.3, 0.17143, 1, 4, 4444444444, 3),
        ('2021-08-01', 33, 38.376, 0.14936, 1, 5, 5555555555, 3),
        ('2021-08-01', 33, 0.2466, 0.17064, 2, 6, 66666666, 2),
        ('2021-08-01', 34, 287.0, 0.16241, 1, 1, 1111111111, 3),
        ('2021-08-01', 34, 291.9, 0.1891, 1, 2, 2222222222, 3),
        ('2021-08-01', 34, 227.5, 0.19065, 1, 3, 3333333333, 3),
        ('2021-08-01', 34, 695.1, 0.18136, 1, 4, 4444444444, 3),
        ('2021-08-01', 34, 52.272, 0.15662, 1, 5, 5555555555, 3),
        ('2021-08-01', 34, 0.0846, 0.17205, 2, 6, 66666666, 2),
        ('2021-08-01', 35, 165.9, 0.16478, 1, 1, 1111111111, 3),
        ('2021-08-01', 35, 341.6, 0.19398, 1, 2, 2222222222, 3),
        ('2021-08-01', 35, 535.5, 0.1983, 1, 3, 3333333333, 3),
        ('2021-08-01', 35, 582.4, 0.18968, 1, 4, 4444444444, 3),
        ('2021-08-01', 35, 7.272, 0.15763, 1, 5, 5555555555, 3),
        ('2021-08-01', 35, 0.5928, 0.18193, 2, 6, 66666666, 2),
        ('2021-08-01', 36, 117.6, 0.16646, 1, 1, 1111111111, 3),
        ('2021-08-01', 36, 269.5, 0.19783, 1, 2, 2222222222, 3),
        ('2021-08-01', 36, 377.3, 0.20369, 1, 3, 3333333333, 3),
        ('2021-08-01', 36, 307.3, 0.19407, 1, 4, 4444444444, 3),
        ('2021-08-01', 36, 47.52, 0.16423, 1, 5, 5555555555, 3),
        ('2021-08-01', 36, 0.5352, 0.19085, 2, 6, 66666666, 2),
        ('2021-08-01', 37, 353.5, 0.17151, 1, 1, 1111111111, 3),
        ('2021-08-01', 37, 522.9, 0.2053, 1, 2, 2222222222, 3),
        ('2021-08-01', 37, 338.1, 0.20852, 1, 3, 3333333333, 3),
        ('2021-08-01', 37, 435.4, 0.20029, 1, 4, 4444444444, 3),
        ('2021-08-01', 37, 42.192, 0.17009, 1, 5, 5555555555, 3),
        ('2021-08-01', 37, 0.1422, 0.19322, 2, 6, 66666666, 2),
        ('2021-08-01', 38, 599.9, 0.18008, 1, 1, 1111111111, 3),
        ('2021-08-01', 38, 193.9, 0.20807, 1, 2, 2222222222, 3),
        ('2021-08-01', 38, 182.0, 0.21112, 1, 3, 3333333333, 3),
        ('2021-08-01', 38, 373.1, 0.20562, 1, 4, 4444444444, 3),
        ('2021-08-01', 38, 18.144, 0.17261, 1, 5, 5555555555, 3),
        ('2021-08-01', 38, 0.1836, 0.19628, 2, 6, 66666666, 2),
        ('2021-08-01', 39, 187.6, 0.18276, 1, 1, 1111111111, 3),
        ('2021-08-01', 39, 286.3, 0.21216, 1, 2, 2222222222, 3),
        ('2021-08-01', 39, 557.9, 0.21909, 1, 3, 3333333333, 3),
        ('2021-08-01', 39, 687.4, 0.21544, 1, 4, 4444444444, 3),
        ('2021-08-01', 39, 53.784, 0.18008, 1, 5, 5555555555, 3),
        ('2021-08-01', 39, 0.3798, 0.20261, 2, 6, 66666666, 2),
        ('2021-08-01', 40, 626.5, 0.19171, 1, 1, 1111111111, 3),
        ('2021-08-01', 40, 304.5, 0.21651, 1, 2, 2222222222, 3),
        ('2021-08-01', 40, 351.4, 0.22411, 1, 3, 3333333333, 3),
        ('2021-08-01', 40, 316.4, 0.21996, 1, 4, 4444444444, 3),
        ('2021-08-01', 40, 67.824, 0.1895, 1, 5, 5555555555, 3),
        ('2021-08-01', 40, 0.3474, 0.2084, 2, 6, 66666666, 2),
        ('2021-08-01', 41, 126.0, 0.19351, 1, 1, 1111111111, 3),
        ('2021-08-01', 41, 599.2, 0.22507, 1, 2, 2222222222, 3),
        ('2021-08-01', 41, 381.5, 0.22956, 1, 3, 3333333333, 3),
        ('2021-08-01', 41, 418.6, 0.22594, 1, 4, 4444444444, 3),
        ('2021-08-01', 41, 19.296, 0.19218, 1, 5, 5555555555, 3),
        ('2021-08-01', 41, 0.0882, 0.20987, 2, 6, 66666666, 2),
        ('2021-08-01', 42, 90.3, 0.1948, 1, 1, 1111111111, 3),
        ('2021-08-01', 42, 630.0, 0.23407, 1, 2, 2222222222, 3),
        ('2021-08-01', 42, 274.4, 0.23348, 1, 3, 3333333333, 3),
        ('2021-08-01', 42, 361.9, 0.23111, 1, 4, 4444444444, 3),
        ('2021-08-01', 42, 41.184, 0.1979, 1, 5, 5555555555, 3),
        ('2021-08-01', 42, 0.4194, 0.21686, 2, 6, 66666666, 2),
        ('2021-08-01', 43, 155.4, 0.19702, 1, 1, 1111111111, 3),
        ('2021-08-01', 43, 321.3, 0.23866, 1, 2, 2222222222, 3),
        ('2021-08-01', 43, 625.8, 0.24242, 1, 3, 3333333333, 3),
        ('2021-08-01', 43, 284.9, 0.23518, 1, 4, 4444444444, 3),
        ('2021-08-01', 43, 58.896, 0.20608, 1, 5, 5555555555, 3),
        ('2021-08-01', 43, 0.3522, 0.22273, 2, 6, 66666666, 2),
        ('2021-08-01', 44, 346.5, 0.20197, 1, 1, 1111111111, 3),
        ('2021-08-01', 44, 503.3, 0.24585, 1, 2, 2222222222, 3),
        ('2021-08-01', 44, 592.9, 0.25089, 1, 3, 3333333333, 3),
        ('2021-08-01', 44, 133.7, 0.23709, 1, 4, 4444444444, 3),
        ('2021-08-01', 44, 20.088, 0.20887, 1, 5, 5555555555, 3),
        ('2021-08-01', 44, 0.5706, 0.23224, 2, 6, 66666666, 2),
        ('2021-08-01', 45, 421.4, 0.20799, 1, 1, 1111111111, 3),
        ('2021-08-01', 45, 305.2, 0.25021, 1, 2, 2222222222, 3),
        ('2021-08-01', 45, 638.4, 0.26001, 1, 3, 3333333333, 3),
        ('2021-08-01', 45, 398.3, 0.24278, 1, 4, 4444444444, 3),
        ('2021-08-01', 45, 18.36, 0.21142, 1, 5, 5555555555, 3),
        ('2021-08-01', 45, 0.2418, 0.23627, 2, 6, 66666666, 2),
        ('2021-08-01', 46, 515.9, 0.21536, 1, 1, 1111111111, 3),
        ('2021-08-01', 46, 309.4, 0.25463, 1, 2, 2222222222, 3),
        ('2021-08-01', 46, 536.2, 0.26767, 1, 3, 3333333333, 3),
        ('2021-08-01', 46, 333.2, 0.24754, 1, 4, 4444444444, 3),
        ('2021-08-01', 46, 27.72, 0.21527, 1, 5, 5555555555, 3),
        ('2021-08-01', 46, 0.252, 0.24047, 2, 6, 66666666, 2),
        ('2021-08-01', 47, 391.3, 0.22095, 1, 1, 1111111111, 3),
        ('2021-08-01', 47, 569.8, 0.26277, 1, 2, 2222222222, 3),
        ('2021-08-01', 47, 399.0, 0.27337, 1, 3, 3333333333, 3),
        ('2021-08-01', 47, 284.2, 0.2516, 1, 4, 4444444444, 3),
        ('2021-08-01', 47, 58.176, 0.22335, 1, 5, 5555555555, 3),
        ('2021-08-01', 47, 0.5256, 0.24923, 2, 6, 66666666, 2),
        ('2021-08-01', 48, 171.5, 0.2234, 1, 1, 1111111111, 3),
        ('2021-08-01', 48, 121.8, 0.26451, 1, 2, 2222222222, 3),
        ('2021-08-01', 48, 89.6, 0.27465, 1, 3, 3333333333, 3),
        ('2021-08-01', 48, 112.0, 0.2532, 1, 4, 4444444444, 3),
        ('2021-08-01', 48, 27.936, 0.22723, 1, 5, 5555555555, 3),
        ('2021-08-01', 48, 0.2868, 0.25401, 2, 6, 66666666, 2),
        ('2021-08-02', 1, 284.9, 0.22747, 1, 1, 1111111111, 3),
        ('2021-08-02', 1, 71.4, 0.26553, 1, 2, 2222222222, 3),
        ('2021-08-02', 1, 144.9, 0.27672, 1, 3, 3333333333, 3),
        ('2021-08-02', 1, 179.2, 0.25576, 1, 4, 4444444444, 3),
        ('2021-08-02', 1, 45.576, 0.23356, 1, 5, 5555555555, 3),
        ('2021-08-02', 1, 0.5238, 0.26274, 2, 6, 66666666, 2),
        ('2021-08-02', 2, 361.2, 0.23263, 1, 1, 1111111111, 3),
        ('2021-08-02', 2, 498.4, 0.27265, 1, 2, 2222222222, 3),
        ('2021-08-02', 2, 95.2, 0.27808, 1, 3, 3333333333, 3),
        ('2021-08-02', 2, 305.2, 0.26012, 1, 4, 4444444444, 3),
        ('2021-08-02', 2, 14.328, 0.23555, 1, 5, 5555555555, 3),
        ('2021-08-02', 2, 0.51, 0.27124, 2, 6, 66666666, 2),
        ('2021-08-02', 3, 107.8, 0.23417, 1, 1, 1111111111, 3),
        ('2021-08-02', 3, 473.9, 0.27942, 1, 2, 2222222222, 3),
        ('2021-08-02', 3, 79.1, 0.27921, 1, 3, 3333333333, 3),
        ('2021-08-02', 3, 256.9, 0.26379, 1, 4, 4444444444, 3),
        ('2021-08-02', 3, 66.96, 0.24485, 1, 5, 5555555555, 3),
        ('2021-08-02', 3, 0.306, 0.27634, 2, 6, 66666666, 2),
        ('2021-08-02', 4, 545.3, 0.24196, 1, 1, 1111111111, 3),
        ('2021-08-02', 4, 487.9, 0.28639, 1, 2, 2222222222, 3),
        ('2021-08-02', 4, 405.3, 0.285, 1, 3, 3333333333, 3),
        ('2021-08-02', 4, 517.3, 0.27118, 1, 4, 4444444444, 3),
        ('2021-08-02', 4, 57.6, 0.25285, 1, 5, 5555555555, 3),
        ('2021-08-02', 4, 0.0654, 0.27743, 2, 6, 66666666, 2),
        ('2021-08-02', 5, 652.4, 0.25128, 1, 1, 1111111111, 3),
        ('2021-08-02', 5, 209.3, 0.28938, 1, 2, 2222222222, 3),
        ('2021-08-02', 5, 317.1, 0.28953, 1, 3, 3333333333, 3),
        ('2021-08-02', 5, 557.2, 0.27914, 1, 4, 4444444444, 3),
        ('2021-08-02', 5, 7.416, 0.25388, 1, 5, 5555555555, 3),
        ('2021-08-02', 5, 0.498, 0.28573, 2, 6, 66666666, 2),
        ('2021-08-02', 6, 151.9, 0.25345, 1, 1, 1111111111, 3),
        ('2021-08-02', 6, 532.0, 0.29698, 1, 2, 2222222222, 3),
        ('2021-08-02', 6, 603.4, 0.29815, 1, 3, 3333333333, 3),
        ('2021-08-02', 6, 687.4, 0.28896, 1, 4, 4444444444, 3),
        ('2021-08-02', 6, 23.472, 0.25714, 1, 5, 5555555555, 3),
        ('2021-08-02', 6, 0.5568, 0.29501, 2, 6, 66666666, 2),
        ('2021-08-02', 7, 140.0, 0.25545, 1, 1, 1111111111, 3),
        ('2021-08-02', 7, 200.9, 0.29985, 1, 2, 2222222222, 3),
        ('2021-08-02', 7, 627.9, 0.30712, 1, 3, 3333333333, 3),
        ('2021-08-02', 7, 333.2, 0.29372, 1, 4, 4444444444, 3),
        ('2021-08-02', 7, 57.744, 0.26516, 1, 5, 5555555555, 3),
        ('2021-08-02', 7, 0.4116, 0.30187, 2, 6, 66666666, 2),
        ('2021-08-02', 8, 226.8, 0.25869, 1, 1, 1111111111, 3),
        ('2021-08-02', 8, 323.4, 0.30447, 1, 2, 2222222222, 3),
        ('2021-08-02', 8, 182.0, 0.30972, 1, 3, 3333333333, 3),
        ('2021-08-02', 8, 80.5, 0.29487, 1, 4, 4444444444, 3),
        ('2021-08-02', 8, 37.728, 0.2704, 1, 5, 5555555555, 3),
        ('2021-08-02', 8, 0.5964, 0.31181, 2, 6, 66666666, 2),
        ('2021-08-02', 9, 457.1, 0.26522, 1, 1, 1111111111, 3),
        ('2021-08-02', 9, 462.0, 0.31107, 1, 2, 2222222222, 3),
        ('2021-08-02', 9, 611.1, 0.31845, 1, 3, 3333333333, 3),
        ('2021-08-02', 9, 651.0, 0.30417, 1, 4, 4444444444, 3),
        ('2021-08-02', 9, 16.488, 0.27269, 1, 5, 5555555555, 3),
        ('2021-08-02', 9, 0.4674, 0.3196, 2, 6, 66666666, 2),
        ('2021-08-02', 10, 105.0, 0.26672, 1, 1, 1111111111, 3),
        ('2021-08-02', 10, 541.8, 0.31881, 1, 2, 2222222222, 3),
        ('2021-08-02', 10, 648.2, 0.32771, 1, 3, 3333333333, 3),
        ('2021-08-02', 10, 259.0, 0.30787, 1, 4, 4444444444, 3),
        ('2021-08-02', 10, 27.36, 0.27649, 1, 5, 5555555555, 3),
        ('2021-08-02', 10, 0.1962, 0.32287, 2, 6, 66666666, 2),
        ('2021-08-02', 11, 329.0, 0.27142, 1, 1, 1111111111, 3),
        ('2021-08-02', 11, 448.0, 0.32521, 1, 2, 2222222222, 3),
        ('2021-08-02', 11, 306.6, 0.33209, 1, 3, 3333333333, 3),
        ('2021-08-02', 11, 368.2, 0.31313, 1, 4, 4444444444, 3),
        ('2021-08-02', 11, 38.232, 0.2818, 1, 5, 5555555555, 3),
        ('2021-08-02', 11, 0.3918, 0.3294, 2, 6, 66666666, 2),
        ('2021-08-02', 12, 348.6, 0.2764, 1, 1, 1111111111, 3),
        ('2021-08-02', 12, 528.5, 0.33276, 1, 2, 2222222222, 3),
        ('2021-08-02', 12, 536.2, 0.33975, 1, 3, 3333333333, 3),
        ('2021-08-02', 12, 510.3, 0.32042, 1, 4, 4444444444, 3),
        ('2021-08-02', 12, 36.072, 0.28681, 1, 5, 5555555555, 3),
        ('2021-08-02', 12, 0.276, 0.334, 2, 6, 66666666, 2),
        ('2021-08-02', 13, 593.6, 0.28488, 1, 1, 1111111111, 3),
        ('2021-08-02', 13, 494.2, 0.33982, 1, 2, 2222222222, 3),
        ('2021-08-02', 13, 182.0, 0.34235, 1, 3, 3333333333, 3),
        ('2021-08-02', 13, 351.4, 0.32544, 1, 4, 4444444444, 3),
        ('2021-08-02', 13, 60.912, 0.29527, 1, 5, 5555555555, 3),
        ('2021-08-02', 13, 0.3276, 0.33946, 2, 6, 66666666, 2),
        ('2021-08-02', 14, 529.9, 0.29245, 1, 1, 1111111111, 3),
        ('2021-08-02', 14, 123.9, 0.34159, 1, 2, 2222222222, 3),
        ('2021-08-02', 14, 561.4, 0.35037, 1, 3, 3333333333, 3),
        ('2021-08-02', 14, 508.9, 0.33271, 1, 4, 4444444444, 3),
        ('2021-08-02', 14, 64.008, 0.30416, 1, 5, 5555555555, 3),
        ('2021-08-02', 14, 0.3462, 0.34523, 2, 6, 66666666, 2),
        ('2021-08-02', 15, 286.3, 0.29654, 1, 1, 1111111111, 3),
        ('2021-08-02', 15, 677.6, 0.35127, 1, 2, 2222222222, 3),
        ('2021-08-02', 15, 592.9, 0.35884, 1, 3, 3333333333, 3),
        ('2021-08-02', 15, 332.5, 0.33746, 1, 4, 4444444444, 3),
        ('2021-08-02', 15, 70.344, 0.31393, 1, 5, 5555555555, 3),
        ('2021-08-02', 15, 0.3516, 0.35109, 2, 6, 66666666, 2),
        ('2021-08-02', 16, 322.7, 0.30115, 1, 1, 1111111111, 3),
        ('2021-08-02', 16, 489.3, 0.35826, 1, 2, 2222222222, 3),
        ('2021-08-02', 16, 194.6, 0.36162, 1, 3, 3333333333, 3),
        ('2021-08-02', 16, 496.3, 0.34455, 1, 4, 4444444444, 3),
        ('2021-08-02', 16, 31.68, 0.31833, 1, 5, 5555555555, 3),
        ('2021-08-02', 16, 0.4044, 0.35783, 2, 6, 66666666, 2),
        ('2021-08-02', 17, 659.4, 0.31057, 1, 1, 1111111111, 3),
        ('2021-08-02', 17, 357.0, 0.36336, 1, 2, 2222222222, 3),
        ('2021-08-02', 17, 617.4, 0.37044, 1, 3, 3333333333, 3),
        ('2021-08-02', 17, 336.7, 0.34936, 1, 4, 4444444444, 3),
        ('2021-08-02', 17, 18.288, 0.32087, 1, 5, 5555555555, 3),
        ('2021-08-02', 17, 0.3894, 0.36432, 2, 6, 66666666, 2),
        ('2021-08-02', 18, 217.7, 0.31368, 1, 1, 1111111111, 3),
        ('2021-08-02', 18, 198.1, 0.36619, 1, 2, 2222222222, 3),
        ('2021-08-02', 18, 340.9, 0.37531, 1, 3, 3333333333, 3),
        ('2021-08-02', 18, 203.7, 0.35227, 1, 4, 4444444444, 3),
        ('2021-08-02', 18, 25.488, 0.32441, 1, 5, 5555555555, 3),
        ('2021-08-02', 18, 0.2184, 0.36796, 2, 6, 66666666, 2),
        ('2021-08-02', 19, 513.8, 0.32102, 1, 1, 1111111111, 3),
        ('2021-08-02', 19, 166.6, 0.36857, 1, 2, 2222222222, 3),
        ('2021-08-02', 19, 499.1, 0.38244, 1, 3, 3333333333, 3),
        ('2021-08-02', 19, 108.5, 0.35382, 1, 4, 4444444444, 3),
        ('2021-08-02', 19, 46.008, 0.3308, 1, 5, 5555555555, 3),
        ('2021-08-02', 19, 0.0822, 0.36933, 2, 6, 66666666, 2),
        ('2021-08-02', 20, 244.3, 0.32451, 1, 1, 1111111111, 3),
        ('2021-08-02', 20, 436.8, 0.37481, 1, 2, 2222222222, 3),
        ('2021-08-02', 20, 352.1, 0.38747, 1, 3, 3333333333, 3),
        ('2021-08-02', 20, 588.0, 0.36222, 1, 4, 4444444444, 3),
        ('2021-08-02', 20, 43.272, 0.33681, 1, 5, 5555555555, 3),
        ('2021-08-02', 20, 0.2796, 0.37399, 2, 6, 66666666, 2),
        ('2021-08-02', 21, 88.9, 0.32578, 1, 1, 1111111111, 3),
        ('2021-08-02', 21, 326.9, 0.37948, 1, 2, 2222222222, 3),
        ('2021-08-02', 21, 693.0, 0.39737, 1, 3, 3333333333, 3),
        ('2021-08-02', 21, 494.2, 0.36928, 1, 4, 4444444444, 3),
        ('2021-08-02', 21, 31.248, 0.34115, 1, 5, 5555555555, 3),
        ('2021-08-02', 21, 0.2526, 0.3782, 2, 6, 66666666, 2),
        ('2021-08-02', 22, 117.6, 0.32746, 1, 1, 1111111111, 3),
        ('2021-08-02', 22, 211.4, 0.3825, 1, 2, 2222222222, 3),
        ('2021-08-02', 22, 663.6, 0.40685, 1, 3, 3333333333, 3),
        ('2021-08-02', 22, 331.8, 0.37402, 1, 4, 4444444444, 3),
        ('2021-08-02', 22, 65.304, 0.35022, 1, 5, 5555555555, 3),
        ('2021-08-02', 22, 0.3738, 0.38443, 2, 6, 66666666, 2),
        ('2021-08-02', 23, 108.5, 0.32901, 1, 1, 1111111111, 3),
        ('2021-08-02', 23, 326.9, 0.38717, 1, 2, 2222222222, 3),
        ('2021-08-02', 23, 683.2, 0.41661, 1, 3, 3333333333, 3),
        ('2021-08-02', 23, 546.7, 0.38183, 1, 4, 4444444444, 3),
        ('2021-08-02', 23, 52.2, 0.35747, 1, 5, 5555555555, 3),
        ('2021-08-02', 23, 0.2952, 0.38935, 2, 6, 66666666, 2),
        ('2021-08-02', 24, 646.8, 0.33825, 1, 1, 1111111111, 3),
        ('2021-08-02', 24, 385.7, 0.39268, 1, 2, 2222222222, 3),
        ('2021-08-02', 24, 562.8, 0.42465, 1, 3, 3333333333, 3),
        ('2021-08-02', 24, 582.4, 0.39015, 1, 4, 4444444444, 3),
        ('2021-08-02', 24, 36.288, 0.36251, 1, 5, 5555555555, 3),
        ('2021-08-02', 24, 0.5736, 0.39891, 2, 6, 66666666, 2),
        ('2021-08-02', 25, 450.1, 0.34468, 1, 1, 1111111111, 3),
        ('2021-08-02', 25, 301.7, 0.39699, 1, 2, 2222222222, 3),
        ('2021-08-02', 25, 161.7, 0.42696, 1, 3, 3333333333, 3),
        ('2021-08-02', 25, 293.3, 0.39434, 1, 4, 4444444444, 3),
        ('2021-08-02', 25, 11.952, 0.36417, 1, 5, 5555555555, 3),
        ('2021-08-02', 25, 0.225, 0.40266, 2, 6, 66666666, 2),
        ('2021-08-02', 26, 490.7, 0.35169, 1, 1, 1111111111, 3),
        ('2021-08-02', 26, 637.0, 0.40609, 1, 2, 2222222222, 3),
        ('2021-08-02', 26, 336.7, 0.43177, 1, 3, 3333333333, 3),
        ('2021-08-02', 26, 86.8, 0.39558, 1, 4, 4444444444, 3),
        ('2021-08-02', 26, 63.36, 0.37297, 1, 5, 5555555555, 3),
        ('2021-08-02', 26, 0.3234, 0.40805, 2, 6, 66666666, 2),
        ('2021-08-02', 27, 581.0, 0.35999, 1, 1, 1111111111, 3),
        ('2021-08-02', 27, 261.1, 0.40982, 1, 2, 2222222222, 3),
        ('2021-08-02', 27, 103.6, 0.43325, 1, 3, 3333333333, 3),
        ('2021-08-02', 27, 191.8, 0.39832, 1, 4, 4444444444, 3),
        ('2021-08-02', 27, 21.024, 0.37589, 1, 5, 5555555555, 3),
        ('2021-08-02', 27, 0.357, 0.414, 2, 6, 66666666, 2),
        ('2021-08-02', 28, 198.8, 0.36283, 1, 1, 1111111111, 3),
        ('2021-08-02', 28, 467.6, 0.4165, 1, 2, 2222222222, 3),
        ('2021-08-02', 28, 426.3, 0.43934, 1, 3, 3333333333, 3),
        ('2021-08-02', 28, 410.9, 0.40419, 1, 4, 4444444444, 3),
        ('2021-08-02', 28, 8.136, 0.37702, 1, 5, 5555555555, 3),
        ('2021-08-02', 28, 0.4812, 0.42202, 2, 6, 66666666, 2),
        ('2021-08-02', 29, 212.8, 0.36587, 1, 1, 1111111111, 3),
        ('2021-08-02', 29, 470.4, 0.42322, 1, 2, 2222222222, 3),
        ('2021-08-02', 29, 593.6, 0.44782, 1, 3, 3333333333, 3),
        ('2021-08-02', 29, 394.1, 0.40982, 1, 4, 4444444444, 3),
        ('2021-08-02', 29, 9.648, 0.37836, 1, 5, 5555555555, 3),
        ('2021-08-02', 29, 0.5904, 0.43186, 2, 6, 66666666, 2),
        ('2021-08-02', 30, 287.0, 0.36997, 1, 1, 1111111111, 3),
        ('2021-08-02', 30, 261.1, 0.42695, 1, 2, 2222222222, 3),
        ('2021-08-02', 30, 690.2, 0.45768, 1, 3, 3333333333, 3),
        ('2021-08-02', 30, 515.9, 0.41719, 1, 4, 4444444444, 3),
        ('2021-08-02', 30, 66.888, 0.38765, 1, 5, 5555555555, 3),
        ('2021-08-02', 30, 0.3552, 0.43778, 2, 6, 66666666, 2),
        ('2021-08-02', 31, 436.8, 0.37621, 1, 1, 1111111111, 3),
        ('2021-08-02', 31, 261.8, 0.43069, 1, 2, 2222222222, 3),
        ('2021-08-02', 31, 448.7, 0.46409, 1, 3, 3333333333, 3),
        ('2021-08-02', 31, 406.0, 0.42299, 1, 4, 4444444444, 3),
        ('2021-08-02', 31, 52.416, 0.39493, 1, 5, 5555555555, 3),
        ('2021-08-02', 31, 0.201, 0.44113, 2, 6, 66666666, 2),
        ('2021-08-02', 32, 237.3, 0.3796, 1, 1, 1111111111, 3),
        ('2021-08-02', 32, 83.3, 0.43188, 1, 2, 2222222222, 3),
        ('2021-08-02', 32, 627.2, 0.47305, 1, 3, 3333333333, 3),
        ('2021-08-02', 32, 343.0, 0.42789, 1, 4, 4444444444, 3),
        ('2021-08-02', 32, 58.104, 0.403, 1, 5, 5555555555, 3),
        ('2021-08-02', 32, 0.1794, 0.44412, 2, 6, 66666666, 2),
        ('2021-08-02', 33, 254.8, 0.38324, 1, 1, 1111111111, 3),
        ('2021-08-02', 33, 283.5, 0.43593, 1, 2, 2222222222, 3),
        ('2021-08-02', 33, 340.2, 0.47791, 1, 3, 3333333333, 3),
        ('2021-08-02', 33, 641.2, 0.43705, 1, 4, 4444444444, 3),
        ('2021-08-02', 33, 44.568, 0.40919, 1, 5, 5555555555, 3),
        ('2021-08-02', 33, 0.174, 0.44702, 2, 6, 66666666, 2),
        ('2021-08-02', 34, 252.0, 0.38684, 1, 1, 1111111111, 3),
        ('2021-08-02', 34, 680.4, 0.44565, 1, 2, 2222222222, 3),
        ('2021-08-02', 34, 226.8, 0.48115, 1, 3, 3333333333, 3),
        ('2021-08-02', 34, 152.6, 0.43923, 1, 4, 4444444444, 3),
        ('2021-08-02', 34, 62.28, 0.41784, 1, 5, 5555555555, 3),
        ('2021-08-02', 34, 0.2292, 0.45084, 2, 6, 66666666, 2),
        ('2021-08-02', 35, 348.6, 0.39182, 1, 1, 1111111111, 3),
        ('2021-08-02', 35, 354.9, 0.45072, 1, 2, 2222222222, 3),
        ('2021-08-02', 35, 123.2, 0.48291, 1, 3, 3333333333, 3),
        ('2021-08-02', 35, 672.0, 0.44883, 1, 4, 4444444444, 3),
        ('2021-08-02', 35, 42.12, 0.42369, 1, 5, 5555555555, 3),
        ('2021-08-02', 35, 0.57, 0.46034, 2, 6, 66666666, 2),
        ('2021-08-02', 36, 82.6, 0.393, 1, 1, 1111111111, 3),
        ('2021-08-02', 36, 195.3, 0.45351, 1, 2, 2222222222, 3),
        ('2021-08-02', 36, 605.5, 0.49156, 1, 3, 3333333333, 3),
        ('2021-08-02', 36, 453.6, 0.45531, 1, 4, 4444444444, 3),
        ('2021-08-02', 36, 40.104, 0.42926, 1, 5, 5555555555, 3),
        ('2021-08-02', 36, 0.1092, 0.46216, 2, 6, 66666666, 2),
        ('2021-08-02', 37, 394.8, 0.39864, 1, 1, 1111111111, 3),
        ('2021-08-02', 37, 362.6, 0.45869, 1, 2, 2222222222, 3),
        ('2021-08-02', 37, 622.3, 0.50045, 1, 3, 3333333333, 3),
        ('2021-08-02', 37, 564.9, 0.46338, 1, 4, 4444444444, 3),
        ('2021-08-02', 37, 39.744, 0.43478, 1, 5, 5555555555, 3),
        ('2021-08-02', 37, 0.1326, 0.46437, 2, 6, 66666666, 2),
        ('2021-08-02', 38, 325.5, 0.40329, 1, 1, 1111111111, 3),
        ('2021-08-02', 38, 399.7, 0.4644, 1, 2, 2222222222, 3),
        ('2021-08-02', 38, 434.7, 0.50666, 1, 3, 3333333333, 3),
        ('2021-08-02', 38, 571.2, 0.47154, 1, 4, 4444444444, 3),
        ('2021-08-02', 38, 24.84, 0.43823, 1, 5, 5555555555, 3),
        ('2021-08-02', 38, 0.165, 0.46712, 2, 6, 66666666, 2),
        ('2021-08-02', 39, 366.1, 0.40852, 1, 1, 1111111111, 3),
        ('2021-08-02', 39, 415.1, 0.47033, 1, 2, 2222222222, 3),
        ('2021-08-02', 39, 384.3, 0.51215, 1, 3, 3333333333, 3),
        ('2021-08-02', 39, 393.4, 0.47716, 1, 4, 4444444444, 3),
        ('2021-08-02', 39, 21.384, 0.4412, 1, 5, 5555555555, 3),
        ('2021-08-02', 39, 0.3366, 0.47273, 2, 6, 66666666, 2),
        ('2021-08-02', 40, 589.4, 0.41694, 1, 1, 1111111111, 3),
        ('2021-08-02', 40, 168.7, 0.47274, 1, 2, 2222222222, 3),
        ('2021-08-02', 40, 496.3, 0.51924, 1, 3, 3333333333, 3),
        ('2021-08-02', 40, 277.2, 0.48112, 1, 4, 4444444444, 3),
        ('2021-08-02', 40, 35.928, 0.44619, 1, 5, 5555555555, 3),
        ('2021-08-02', 40, 0.2082, 0.4762, 2, 6, 66666666, 2),
        ('2021-08-02', 41, 493.5, 0.42399, 1, 1, 1111111111, 3),
        ('2021-08-02', 41, 305.9, 0.47711, 1, 2, 2222222222, 3),
        ('2021-08-02', 41, 99.4, 0.52066, 1, 3, 3333333333, 3),
        ('2021-08-02', 41, 118.3, 0.48281, 1, 4, 4444444444, 3),
        ('2021-08-02', 41, 67.896, 0.45562, 1, 5, 5555555555, 3),
        ('2021-08-02', 41, 0.1764, 0.47914, 2, 6, 66666666, 2),
        ('2021-08-02', 42, 646.1, 0.43322, 1, 1, 1111111111, 3),
        ('2021-08-02', 42, 92.4, 0.47843, 1, 2, 2222222222, 3),
        ('2021-08-02', 42, 508.9, 0.52793, 1, 3, 3333333333, 3),
        ('2021-08-02', 42, 181.3, 0.4854, 1, 4, 4444444444, 3),
        ('2021-08-02', 42, 55.8, 0.46337, 1, 5, 5555555555, 3),
        ('2021-08-02', 42, 0.093, 0.48069, 2, 6, 66666666, 2),
        ('2021-08-02', 43, 393.4, 0.43884, 1, 1, 1111111111, 3),
        ('2021-08-02', 43, 392.0, 0.48403, 1, 2, 2222222222, 3),
        ('2021-08-02', 43, 396.2, 0.53359, 1, 3, 3333333333, 3),
        ('2021-08-02', 43, 462.7, 0.49201, 1, 4, 4444444444, 3),
        ('2021-08-02', 43, 49.32, 0.47022, 1, 5, 5555555555, 3),
        ('2021-08-02', 43, 0.495, 0.48894, 2, 6, 66666666, 2),
        ('2021-08-02', 44, 604.8, 0.44748, 1, 1, 1111111111, 3),
        ('2021-08-02', 44, 118.3, 0.48572, 1, 2, 2222222222, 3),
        ('2021-08-02', 44, 685.3, 0.54338, 1, 3, 3333333333, 3),
        ('2021-08-02', 44, 232.4, 0.49533, 1, 4, 4444444444, 3),
        ('2021-08-02', 44, 29.52, 0.47432, 1, 5, 5555555555, 3),
        ('2021-08-02', 44, 0.2928, 0.49382, 2, 6, 66666666, 2),
        ('2021-08-02', 45, 164.5, 0.44983, 1, 1, 1111111111, 3),
        ('2021-08-02', 45, 118.3, 0.48741, 1, 2, 2222222222, 3),
        ('2021-08-02', 45, 264.6, 0.54716, 1, 3, 3333333333, 3),
        ('2021-08-02', 45, 221.9, 0.4985, 1, 4, 4444444444, 3),
        ('2021-08-02', 45, 28.08, 0.47822, 1, 5, 5555555555, 3),
        ('2021-08-02', 45, 0.201, 0.49717, 2, 6, 66666666, 2),
        ('2021-08-02', 46, 605.5, 0.45848, 1, 1, 1111111111, 3),
        ('2021-08-02', 46, 415.1, 0.49334, 1, 2, 2222222222, 3),
        ('2021-08-02', 46, 685.3, 0.55695, 1, 3, 3333333333, 3),
        ('2021-08-02', 46, 250.6, 0.50208, 1, 4, 4444444444, 3),
        ('2021-08-02', 46, 50.328, 0.48521, 1, 5, 5555555555, 3),
        ('2021-08-02', 46, 0.2634, 0.50156, 2, 6, 66666666, 2),
        ('2021-08-02', 47, 151.2, 0.46064, 1, 1, 1111111111, 3),
        ('2021-08-02', 47, 618.1, 0.50217, 1, 2, 2222222222, 3),
        ('2021-08-02', 47, 278.6, 0.56093, 1, 3, 3333333333, 3),
        ('2021-08-02', 47, 291.9, 0.50625, 1, 4, 4444444444, 3),
        ('2021-08-02', 47, 21.528, 0.4882, 1, 5, 5555555555, 3),
        ('2021-08-02', 47, 0.4584, 0.5092, 2, 6, 66666666, 2),
        ('2021-08-02', 48, 142.8, 0.46268, 1, 1, 1111111111, 3),
        ('2021-08-02', 48, 84.7, 0.50338, 1, 2, 2222222222, 3),
        ('2021-08-02', 48, 185.5, 0.56358, 1, 3, 3333333333, 3),
        ('2021-08-02', 48, 396.9, 0.51192, 1, 4, 4444444444, 3),
        ('2021-08-02', 48, 10.656, 0.48968, 1, 5, 5555555555, 3),
        ('2021-08-02', 48, 0.456, 0.5168, 2, 6, 66666666, 2),
        ('2021-08-03', 1, 551.6, 0.47056, 1, 1, 1111111111, 3),
        ('2021-08-03', 1, 469.0, 0.51008, 1, 2, 2222222222, 3),
        ('2021-08-03', 1, 530.6, 0.57116, 1, 3, 3333333333, 3),
        ('2021-08-03', 1, 320.6, 0.5165, 1, 4, 4444444444, 3),
        ('2021-08-03', 1, 47.088, 0.49622, 1, 5, 5555555555, 3),
        ('2021-08-03', 1, 0.1644, 0.51954, 2, 6, 66666666, 2),
        ('2021-08-03', 2, 280.0, 0.47456, 1, 1, 1111111111, 3),
        ('2021-08-03', 2, 523.6, 0.51756, 1, 2, 2222222222, 3),
        ('2021-08-03', 2, 80.5, 0.57231, 1, 3, 3333333333, 3),
        ('2021-08-03', 2, 411.6, 0.52238, 1, 4, 4444444444, 3),
        ('2021-08-03', 2, 11.16, 0.49777, 1, 5, 5555555555, 3),
        ('2021-08-03', 2, 0.3264, 0.52498, 2, 6, 66666666, 2),
        ('2021-08-03', 3, 572.6, 0.48274, 1, 1, 1111111111, 3),
        ('2021-08-03', 3, 113.4, 0.51918, 1, 2, 2222222222, 3),
        ('2021-08-03', 3, 199.5, 0.57516, 1, 3, 3333333333, 3),
        ('2021-08-03', 3, 398.3, 0.52807, 1, 4, 4444444444, 3),
        ('2021-08-03', 3, 14.256, 0.49975, 1, 5, 5555555555, 3),
        ('2021-08-03', 3, 0.2898, 0.52981, 2, 6, 66666666, 2),
        ('2021-08-03', 4, 568.4, 0.49086, 1, 1, 1111111111, 3),
        ('2021-08-03', 4, 350.7, 0.52419, 1, 2, 2222222222, 3),
        ('2021-08-03', 4, 330.4, 0.57988, 1, 3, 3333333333, 3),
        ('2021-08-03', 4, 179.2, 0.53063, 1, 4, 4444444444, 3),
        ('2021-08-03', 4, 34.776, 0.50458, 1, 5, 5555555555, 3),
        ('2021-08-03', 4, 0.0924, 0.53135, 2, 6, 66666666, 2),
        ('2021-08-03', 5, 491.4, 0.49788, 1, 1, 1111111111, 3),
        ('2021-08-03', 5, 125.3, 0.52598, 1, 2, 2222222222, 3),
        ('2021-08-03', 5, 300.3, 0.58417, 1, 3, 3333333333, 3),
        ('2021-08-03', 5, 551.6, 0.53851, 1, 4, 4444444444, 3),
        ('2021-08-03', 5, 51.624, 0.51175, 1, 5, 5555555555, 3),
        ('2021-08-03', 5, 0.2724, 0.53589, 2, 6, 66666666, 2),
        ('2021-08-03', 6, 287.7, 0.50199, 1, 1, 1111111111, 3),
        ('2021-08-03', 6, 515.2, 0.53334, 1, 2, 2222222222, 3),
        ('2021-08-03', 6, 357.0, 0.58927, 1, 3, 3333333333, 3),
        ('2021-08-03', 6, 612.5, 0.54726, 1, 4, 4444444444, 3),
        ('2021-08-03', 6, 7.632, 0.51281, 1, 5, 5555555555, 3),
        ('2021-08-03', 6, 0.1224, 0.53793, 2, 6, 66666666, 2),
        ('2021-08-03', 7, 513.1, 0.50932, 1, 1, 1111111111, 3),
        ('2021-08-03', 7, 414.4, 0.53926, 1, 2, 2222222222, 3),
        ('2021-08-03', 7, 221.9, 0.59244, 1, 3, 3333333333, 3),
        ('2021-08-03', 7, 79.8, 0.5484, 1, 4, 4444444444, 3),
        ('2021-08-03', 7, 67.752, 0.52222, 1, 5, 5555555555, 3),
        ('2021-08-03', 7, 0.1536, 0.54049, 2, 6, 66666666, 2),
        ('2021-08-03', 8, 136.5, 0.51127, 1, 1, 1111111111, 3),
        ('2021-08-03', 8, 687.4, 0.54908, 1, 2, 2222222222, 3),
        ('2021-08-03', 8, 547.4, 0.60026, 1, 3, 3333333333, 3),
        ('2021-08-03', 8, 326.2, 0.55306, 1, 4, 4444444444, 3),
        ('2021-08-03', 8, 24.12, 0.52557, 1, 5, 5555555555, 3),
        ('2021-08-03', 8, 0.2466, 0.5446, 2, 6, 66666666, 2),
        ('2021-08-03', 9, 483.7, 0.51818, 1, 1, 1111111111, 3),
        ('2021-08-03', 9, 448.0, 0.55548, 1, 2, 2222222222, 3),
        ('2021-08-03', 9, 189.0, 0.60296, 1, 3, 3333333333, 3),
        ('2021-08-03', 9, 272.3, 0.55695, 1, 4, 4444444444, 3),
        ('2021-08-03', 9, 49.968, 0.53251, 1, 5, 5555555555, 3),
        ('2021-08-03', 9, 0.1002, 0.54627, 2, 6, 66666666, 2),
        ('2021-08-03', 10, 541.8, 0.52592, 1, 1, 1111111111, 3),
        ('2021-08-03', 10, 531.3, 0.56307, 1, 2, 2222222222, 3),
        ('2021-08-03', 10, 306.6, 0.60734, 1, 3, 3333333333, 3),
        ('2021-08-03', 10, 646.8, 0.56619, 1, 4, 4444444444, 3),
        ('2021-08-03', 10, 35.208, 0.5374, 1, 5, 5555555555, 3),
        ('2021-08-03', 10, 0.459, 0.55392, 2, 6, 66666666, 2),
        ('2021-08-03', 11, 412.3, 0.53181, 1, 1, 1111111111, 3),
        ('2021-08-03', 11, 443.8, 0.56941, 1, 2, 2222222222, 3),
        ('2021-08-03', 11, 629.3, 0.61633, 1, 3, 3333333333, 3),
        ('2021-08-03', 11, 228.9, 0.56946, 1, 4, 4444444444, 3),
        ('2021-08-03', 11, 30.672, 0.54166, 1, 5, 5555555555, 3),
        ('2021-08-03', 11, 0.462, 0.56162, 2, 6, 66666666, 2),
        ('2021-08-03', 12, 596.4, 0.54033, 1, 1, 1111111111, 3),
        ('2021-08-03', 12, 93.8, 0.57075, 1, 2, 2222222222, 3),
        ('2021-08-03', 12, 237.3, 0.61972, 1, 3, 3333333333, 3),
        ('2021-08-03', 12, 621.6, 0.57834, 1, 4, 4444444444, 3),
        ('2021-08-03', 12, 26.064, 0.54528, 1, 5, 5555555555, 3),
        ('2021-08-03', 12, 0.5028, 0.57, 2, 6, 66666666, 2),
        ('2021-08-03', 13, 616.7, 0.54914, 1, 1, 1111111111, 3),
        ('2021-08-03', 13, 424.9, 0.57682, 1, 2, 2222222222, 3),
        ('2021-08-03', 13, 114.1, 0.62135, 1, 3, 3333333333, 3),
        ('2021-08-03', 13, 599.2, 0.5869, 1, 4, 4444444444, 3),
        ('2021-08-03', 13, 9.792, 0.54664, 1, 5, 5555555555, 3),
        ('2021-08-03', 13, 0.2718, 0.57453, 2, 6, 66666666, 2),
        ('2021-08-03', 14, 238.0, 0.55254, 1, 1, 1111111111, 3),
        ('2021-08-03', 14, 238.7, 0.58023, 1, 2, 2222222222, 3),
        ('2021-08-03', 14, 470.4, 0.62807, 1, 3, 3333333333, 3),
        ('2021-08-03', 14, 681.1, 0.59663, 1, 4, 4444444444, 3),
        ('2021-08-03', 14, 7.416, 0.54767, 1, 5, 5555555555, 3),
        ('2021-08-03', 14, 0.4338, 0.58176, 2, 6, 66666666, 2),
        ('2021-08-03', 15, 100.1, 0.55397, 1, 1, 1111111111, 3),
        ('2021-08-03', 15, 609.7, 0.58894, 1, 2, 2222222222, 3),
        ('2021-08-03', 15, 642.6, 0.63725, 1, 3, 3333333333, 3),
        ('2021-08-03', 15, 608.3, 0.60532, 1, 4, 4444444444, 3),
        ('2021-08-03', 15, 63.432, 0.55648, 1, 5, 5555555555, 3),
        ('2021-08-03', 15, 0.4752, 0.58968, 2, 6, 66666666, 2),
        ('2021-08-03', 16, 481.6, 0.56085, 1, 1, 1111111111, 3),
        ('2021-08-03', 16, 294.0, 0.59314, 1, 2, 2222222222, 3),
        ('2021-08-03', 16, 121.1, 0.63898, 1, 3, 3333333333, 3),
        ('2021-08-03', 16, 401.8, 0.61106, 1, 4, 4444444444, 3),
        ('2021-08-03', 16, 58.32, 0.56458, 1, 5, 5555555555, 3),
        ('2021-08-03', 16, 0.5706, 0.59919, 2, 6, 66666666, 2),
        ('2021-08-03', 17, 290.5, 0.565, 1, 1, 1111111111, 3),
        ('2021-08-03', 17, 225.4, 0.59636, 1, 2, 2222222222, 3),
        ('2021-08-03', 17, 283.5, 0.64303, 1, 3, 3333333333, 3),
        ('2021-08-03', 17, 303.8, 0.6154, 1, 4, 4444444444, 3),
        ('2021-08-03', 17, 13.176, 0.56641, 1, 5, 5555555555, 3),
        ('2021-08-03', 17, 0.3672, 0.60531, 2, 6, 66666666, 2),
        ('2021-08-03', 18, 378.7, 0.57041, 1, 1, 1111111111, 3),
        ('2021-08-03', 18, 668.5, 0.60591, 1, 2, 2222222222, 3),
        ('2021-08-03', 18, 380.1, 0.64846, 1, 3, 3333333333, 3),
        ('2021-08-03', 18, 555.8, 0.62334, 1, 4, 4444444444, 3),
        ('2021-08-03', 18, 60.264, 0.57478, 1, 5, 5555555555, 3),
        ('2021-08-03', 18, 0.3528, 0.61119, 2, 6, 66666666, 2),
        ('2021-08-03', 19, 544.6, 0.57819, 1, 1, 1111111111, 3),
        ('2021-08-03', 19, 102.2, 0.60737, 1, 2, 2222222222, 3),
        ('2021-08-03', 19, 615.3, 0.65725, 1, 3, 3333333333, 3),
        ('2021-08-03', 19, 381.5, 0.62879, 1, 4, 4444444444, 3),
        ('2021-08-03', 19, 22.248, 0.57787, 1, 5, 5555555555, 3),
        ('2021-08-03', 19, 0.2538, 0.61542, 2, 6, 66666666, 2),
        ('2021-08-03', 20, 210.0, 0.58119, 1, 1, 1111111111, 3),
        ('2021-08-03', 20, 422.1, 0.6134, 1, 2, 2222222222, 3),
        ('2021-08-03', 20, 186.2, 0.65991, 1, 3, 3333333333, 3),
        ('2021-08-03', 20, 275.1, 0.63272, 1, 4, 4444444444, 3),
        ('2021-08-03', 20, 65.736, 0.587, 1, 5, 5555555555, 3),
        ('2021-08-03', 20, 0.3846, 0.62183, 2, 6, 66666666, 2),
        ('2021-08-03', 21, 634.9, 0.59026, 1, 1, 1111111111, 3),
        ('2021-08-03', 21, 518.7, 0.62081, 1, 2, 2222222222, 3),
        ('2021-08-03', 21, 394.1, 0.66554, 1, 3, 3333333333, 3),
        ('2021-08-03', 21, 649.6, 0.642, 1, 4, 4444444444, 3),
        ('2021-08-03', 21, 48.24, 0.5937, 1, 5, 5555555555, 3),
        ('2021-08-03', 21, 0.5394, 0.63082, 2, 6, 66666666, 2),
        ('2021-08-03', 22, 302.4, 0.59458, 1, 1, 1111111111, 3),
        ('2021-08-03', 22, 385.7, 0.62632, 1, 2, 2222222222, 3),
        ('2021-08-03', 22, 562.8, 0.67358, 1, 3, 3333333333, 3),
        ('2021-08-03', 22, 141.4, 0.64402, 1, 4, 4444444444, 3),
        ('2021-08-03', 22, 9.864, 0.59507, 1, 5, 5555555555, 3),
        ('2021-08-03', 22, 0.522, 0.63952, 2, 6, 66666666, 2),
        ('2021-08-03', 23, 621.6, 0.60346, 1, 1, 1111111111, 3),
        ('2021-08-03', 23, 360.5, 0.63147, 1, 2, 2222222222, 3),
        ('2021-08-03', 23, 114.8, 0.67522, 1, 3, 3333333333, 3),
        ('2021-08-03', 23, 567.7, 0.65213, 1, 4, 4444444444, 3),
        ('2021-08-03', 23, 45.864, 0.60144, 1, 5, 5555555555, 3),
        ('2021-08-03', 23, 0.4044, 0.64626, 2, 6, 66666666, 2),
        ('2021-08-03', 24, 188.3, 0.60615, 1, 1, 1111111111, 3),
        ('2021-08-03', 24, 323.4, 0.63609, 1, 2, 2222222222, 3),
        ('2021-08-03', 24, 624.4, 0.68414, 1, 3, 3333333333, 3),
        ('2021-08-03', 24, 440.3, 0.65842, 1, 4, 4444444444, 3),
        ('2021-08-03', 24, 38.52, 0.60679, 1, 5, 5555555555, 3),
        ('2021-08-03', 24, 0.4986, 0.65457, 2, 6, 66666666, 2),
        ('2021-08-03', 25, 255.5, 0.6098, 1, 1, 1111111111, 3),
        ('2021-08-03', 25, 178.5, 0.63864, 1, 2, 2222222222, 3),
        ('2021-08-03', 25, 259.7, 0.68785, 1, 3, 3333333333, 3),
        ('2021-08-03', 25, 557.2, 0.66638, 1, 4, 4444444444, 3),
        ('2021-08-03', 25, 65.52, 0.61589, 1, 5, 5555555555, 3),
        ('2021-08-03', 25, 0.0828, 0.65595, 2, 6, 66666666, 2),
        ('2021-08-03', 26, 543.2, 0.61756, 1, 1, 1111111111, 3),
        ('2021-08-03', 26, 574.7, 0.64685, 1, 2, 2222222222, 3),
        ('2021-08-03', 26, 224.0, 0.69105, 1, 3, 3333333333, 3),
        ('2021-08-03', 26, 186.9, 0.66905, 1, 4, 4444444444, 3),
        ('2021-08-03', 26, 51.12, 0.62299, 1, 5, 5555555555, 3),
        ('2021-08-03', 26, 0.459, 0.6636, 2, 6, 66666666, 2),
        ('2021-08-03', 27, 426.3, 0.62365, 1, 1, 1111111111, 3),
        ('2021-08-03', 27, 574.7, 0.65506, 1, 2, 2222222222, 3),
        ('2021-08-03', 27, 659.4, 0.70047, 1, 3, 3333333333, 3),
        ('2021-08-03', 27, 683.2, 0.67881, 1, 4, 4444444444, 3),
        ('2021-08-03', 27, 61.128, 0.63148, 1, 5, 5555555555, 3),
        ('2021-08-03', 27, 0.1362, 0.66587, 2, 6, 66666666, 2),
        ('2021-08-03', 28, 366.1, 0.62888, 1, 1, 1111111111, 3),
        ('2021-08-03', 28, 578.9, 0.66333, 1, 2, 2222222222, 3),
        ('2021-08-03', 28, 578.2, 0.70873, 1, 3, 3333333333, 3),
        ('2021-08-03', 28, 465.5, 0.68546, 1, 4, 4444444444, 3),
        ('2021-08-03', 28, 8.64, 0.63268, 1, 5, 5555555555, 3),
        ('2021-08-03', 28, 0.5346, 0.67478, 2, 6, 66666666, 2),
        ('2021-08-03', 29, 539.0, 0.63658, 1, 1, 1111111111, 3),
        ('2021-08-03', 29, 616.0, 0.67213, 1, 2, 2222222222, 3),
        ('2021-08-03', 29, 298.2, 0.71299, 1, 3, 3333333333, 3),
        ('2021-08-03', 29, 126.7, 0.68727, 1, 4, 4444444444, 3),
        ('2021-08-03', 29, 25.56, 0.63623, 1, 5, 5555555555, 3),
        ('2021-08-03', 29, 0.4872, 0.6829, 2, 6, 66666666, 2),
        ('2021-08-03', 30, 638.4, 0.6457, 1, 1, 1111111111, 3),
        ('2021-08-03', 30, 457.1, 0.67866, 1, 2, 2222222222, 3),
        ('2021-08-03', 30, 642.6, 0.72217, 1, 3, 3333333333, 3),
        ('2021-08-03', 30, 297.5, 0.69152, 1, 4, 4444444444, 3),
        ('2021-08-03', 30, 31.392, 0.64059, 1, 5, 5555555555, 3),
        ('2021-08-03', 30, 0.531, 0.69175, 2, 6, 66666666, 2),
        ('2021-08-03', 31, 679.7, 0.65541, 1, 1, 1111111111, 3),
        ('2021-08-03', 31, 356.3, 0.68375, 1, 2, 2222222222, 3),
        ('2021-08-03', 31, 646.8, 0.73141, 1, 3, 3333333333, 3),
        ('2021-08-03', 31, 608.3, 0.70021, 1, 4, 4444444444, 3),
        ('2021-08-03', 31, 70.704, 0.65041, 1, 5, 5555555555, 3),
        ('2021-08-03', 31, 0.141, 0.6941, 2, 6, 66666666, 2),
        ('2021-08-03', 32, 472.5, 0.66216, 1, 1, 1111111111, 3),
        ('2021-08-03', 32, 258.3, 0.68744, 1, 2, 2222222222, 3),
        ('2021-08-03', 32, 597.1, 0.73994, 1, 3, 3333333333, 3),
        ('2021-08-03', 32, 213.5, 0.70326, 1, 4, 4444444444, 3),
        ('2021-08-03', 32, 34.776, 0.65524, 1, 5, 5555555555, 3),
        ('2021-08-03', 32, 0.4626, 0.70181, 2, 6, 66666666, 2),
        ('2021-08-03', 33, 600.6, 0.67074, 1, 1, 1111111111, 3),
        ('2021-08-03', 33, 349.3, 0.69243, 1, 2, 2222222222, 3),
        ('2021-08-03', 33, 419.3, 0.74593, 1, 3, 3333333333, 3),
        ('2021-08-03', 33, 479.5, 0.71011, 1, 4, 4444444444, 3),
        ('2021-08-03', 33, 54.216, 0.66277, 1, 5, 5555555555, 3),
        ('2021-08-03', 33, 0.381, 0.70816, 2, 6, 66666666, 2),
        ('2021-08-03', 34, 375.2, 0.6761, 1, 1, 1111111111, 3),
        ('2021-08-03', 34, 519.4, 0.69985, 1, 2, 2222222222, 3),
        ('2021-08-03', 34, 499.8, 0.75307, 1, 3, 3333333333, 3),
        ('2021-08-03', 34, 119.7, 0.71182, 1, 4, 4444444444, 3),
        ('2021-08-03', 34, 71.64, 0.67272, 1, 5, 5555555555, 3),
        ('2021-08-03', 34, 0.4062, 0.71493, 2, 6, 66666666, 2),
        ('2021-08-03', 35, 341.6, 0.68098, 1, 1, 1111111111, 3),
        ('2021-08-03', 35, 352.1, 0.70488, 1, 2, 2222222222, 3),
        ('2021-08-03', 35, 635.6, 0.76215, 1, 3, 3333333333, 3),
        ('2021-08-03', 35, 512.4, 0.71914, 1, 4, 4444444444, 3),
        ('2021-08-03', 35, 47.88, 0.67937, 1, 5, 5555555555, 3),
        ('2021-08-03', 35, 0.1308, 0.71711, 2, 6, 66666666, 2),
        ('2021-08-03', 36, 197.4, 0.6838, 1, 1, 1111111111, 3),
        ('2021-08-03', 36, 680.4, 0.7146, 1, 2, 2222222222, 3),
        ('2021-08-03', 36, 554.4, 0.77007, 1, 3, 3333333333, 3),
        ('2021-08-03', 36, 142.1, 0.72117, 1, 4, 4444444444, 3),
        ('2021-08-03', 36, 49.752, 0.68628, 1, 5, 5555555555, 3),
        ('2021-08-03', 36, 0.4254, 0.7242, 2, 6, 66666666, 2),
        ('2021-08-03', 37, 283.5, 0.68785, 1, 1, 1111111111, 3),
        ('2021-08-03', 37, 507.5, 0.72185, 1, 2, 2222222222, 3),
        ('2021-08-03', 37, 471.1, 0.7768, 1, 3, 3333333333, 3),
        ('2021-08-03', 37, 683.2, 0.73093, 1, 4, 4444444444, 3),
        ('2021-08-03', 37, 63.288, 0.69507, 1, 5, 5555555555, 3),
        ('2021-08-03', 37, 0.4296, 0.73136, 2, 6, 66666666, 2),
        ('2021-08-03', 38, 604.1, 0.69648, 1, 1, 1111111111, 3),
        ('2021-08-03', 38, 422.1, 0.72788, 1, 2, 2222222222, 3),
        ('2021-08-03', 38, 237.3, 0.78019, 1, 3, 3333333333, 3),
        ('2021-08-03', 38, 679.7, 0.74064, 1, 4, 4444444444, 3),
        ('2021-08-03', 38, 54.144, 0.70259, 1, 5, 5555555555, 3),
        ('2021-08-03', 38, 0.3894, 0.73785, 2, 6, 66666666, 2),
        ('2021-08-03', 39, 463.4, 0.7031, 1, 1, 1111111111, 3),
        ('2021-08-03', 39, 689.5, 0.73773, 1, 2, 2222222222, 3),
        ('2021-08-03', 39, 578.9, 0.78846, 1, 3, 3333333333, 3),
        ('2021-08-03', 39, 686.7, 0.75045, 1, 4, 4444444444, 3),
        ('2021-08-03', 39, 14.832, 0.70465, 1, 5, 5555555555, 3),
        ('2021-08-03', 39, 0.2226, 0.74156, 2, 6, 66666666, 2),
        ('2021-08-03', 40, 493.5, 0.71015, 1, 1, 1111111111, 3),
        ('2021-08-03', 40, 569.8, 0.74587, 1, 2, 2222222222, 3),
        ('2021-08-03', 40, 631.4, 0.79748, 1, 3, 3333333333, 3),
        ('2021-08-03', 40, 310.8, 0.75489, 1, 4, 4444444444, 3),
        ('2021-08-03', 40, 22.104, 0.70772, 1, 5, 5555555555, 3),
        ('2021-08-03', 40, 0.0846, 0.74297, 2, 6, 66666666, 2),
        ('2021-08-03', 41, 247.1, 0.71368, 1, 1, 1111111111, 3),
        ('2021-08-03', 41, 222.6, 0.74905, 1, 2, 2222222222, 3),
        ('2021-08-03', 41, 487.9, 0.80445, 1, 3, 3333333333, 3),
        ('2021-08-03', 41, 578.9, 0.76316, 1, 4, 4444444444, 3),
        ('2021-08-03', 41, 32.904, 0.71229, 1, 5, 5555555555, 3),
        ('2021-08-03', 41, 0.1584, 0.74561, 2, 6, 66666666, 2),
        ('2021-08-03', 42, 411.6, 0.71956, 1, 1, 1111111111, 3),
        ('2021-08-03', 42, 497.0, 0.75615, 1, 2, 2222222222, 3),
        ('2021-08-03', 42, 370.3, 0.80974, 1, 3, 3333333333, 3),
        ('2021-08-03', 42, 494.9, 0.77023, 1, 4, 4444444444, 3),
        ('2021-08-03', 42, 55.44, 0.71999, 1, 5, 5555555555, 3),
        ('2021-08-03', 42, 0.5514, 0.7548, 2, 6, 66666666, 2),
        ('2021-08-03', 43, 326.2, 0.72422, 1, 1, 1111111111, 3),
        ('2021-08-03', 43, 626.5, 0.7651, 1, 2, 2222222222, 3),
        ('2021-08-03', 43, 614.6, 0.81852, 1, 3, 3333333333, 3),
        ('2021-08-03', 43, 652.4, 0.77955, 1, 4, 4444444444, 3),
        ('2021-08-03', 43, 35.568, 0.72493, 1, 5, 5555555555, 3),
        ('2021-08-03', 43, 0.4482, 0.76227, 2, 6, 66666666, 2),
        ('2021-08-03', 44, 498.4, 0.73134, 1, 1, 1111111111, 3),
        ('2021-08-03', 44, 648.9, 0.77437, 1, 2, 2222222222, 3),
        ('2021-08-03', 44, 88.9, 0.81979, 1, 3, 3333333333, 3),
        ('2021-08-03', 44, 535.5, 0.7872, 1, 4, 4444444444, 3),
        ('2021-08-03', 44, 14.184, 0.7269, 1, 5, 5555555555, 3),
        ('2021-08-03', 44, 0.4896, 0.77043, 2, 6, 66666666, 2),
        ('2021-08-03', 45, 182.7, 0.73395, 1, 1, 1111111111, 3),
        ('2021-08-03', 45, 228.9, 0.77764, 1, 2, 2222222222, 3),
        ('2021-08-03', 45, 342.3, 0.82468, 1, 3, 3333333333, 3),
        ('2021-08-03', 45, 170.8, 0.78964, 1, 4, 4444444444, 3),
        ('2021-08-03', 45, 60.696, 0.73533, 1, 5, 5555555555, 3),
        ('2021-08-03', 45, 0.1764, 0.77337, 2, 6, 66666666, 2),
        ('2021-08-03', 46, 389.2, 0.73951, 1, 1, 1111111111, 3),
        ('2021-08-03', 46, 168.0, 0.78004, 1, 2, 2222222222, 3),
        ('2021-08-03', 46, 655.2, 0.83404, 1, 3, 3333333333, 3),
        ('2021-08-03', 46, 107.8, 0.79118, 1, 4, 4444444444, 3),
        ('2021-08-03', 46, 68.616, 0.74486, 1, 5, 5555555555, 3),
        ('2021-08-03', 46, 0.1884, 0.77651, 2, 6, 66666666, 2),
        ('2021-08-03', 47, 485.1, 0.74644, 1, 1, 1111111111, 3),
        ('2021-08-03', 47, 265.3, 0.78383, 1, 2, 2222222222, 3),
        ('2021-08-03', 47, 395.5, 0.83969, 1, 3, 3333333333, 3),
        ('2021-08-03', 47, 480.2, 0.79804, 1, 4, 4444444444, 3),
        ('2021-08-03', 47, 20.592, 0.74772, 1, 5, 5555555555, 3),
        ('2021-08-03', 47, 0.2862, 0.78128, 2, 6, 66666666, 2),
        ('2021-08-03', 48, 617.4, 0.75526, 1, 1, 1111111111, 3),
        ('2021-08-03', 48, 116.9, 0.7855, 1, 2, 2222222222, 3),
        ('2021-08-03', 48, 681.8, 0.84943, 1, 3, 3333333333, 3),
        ('2021-08-03', 48, 357.7, 0.80315, 1, 4, 4444444444, 3),
        ('2021-08-03', 48, 24.336, 0.7511, 1, 5, 5555555555, 3),
        ('2021-08-03', 48, 0.2892, 0.7861, 2, 6, 66666666, 2),
        ('2021-08-04', 1, 219.1, 0.75839, 1, 1, 1111111111, 3),
        ('2021-08-04', 1, 696.5, 0.79545, 1, 2, 2222222222, 3),
        ('2021-08-04', 1, 217.7, 0.85254, 1, 3, 3333333333, 3),
        ('2021-08-04', 1, 335.3, 0.80794, 1, 4, 4444444444, 3),
        ('2021-08-04', 1, 46.44, 0.75755, 1, 5, 5555555555, 3),
        ('2021-08-04', 1, 0.5652, 0.79552, 2, 6, 66666666, 2),
        ('2021-08-04', 2, 203.7, 0.7613, 1, 1, 1111111111, 3),
        ('2021-08-04', 2, 360.5, 0.8006, 1, 2, 2222222222, 3),
        ('2021-08-04', 2, 392.7, 0.85815, 1, 3, 3333333333, 3),
        ('2021-08-04', 2, 629.3, 0.81693, 1, 4, 4444444444, 3),
        ('2021-08-04', 2, 40.248, 0.76314, 1, 5, 5555555555, 3),
        ('2021-08-04', 2, 0.0684, 0.79666, 2, 6, 66666666, 2),
        ('2021-08-04', 3, 554.4, 0.76922, 1, 1, 1111111111, 3),
        ('2021-08-04', 3, 119.0, 0.8023, 1, 2, 2222222222, 3),
        ('2021-08-04', 3, 360.5, 0.8633, 1, 3, 3333333333, 3),
        ('2021-08-04', 3, 694.4, 0.82685, 1, 4, 4444444444, 3),
        ('2021-08-04', 3, 69.552, 0.7728, 1, 5, 5555555555, 3),
        ('2021-08-04', 3, 0.1116, 0.79852, 2, 6, 66666666, 2),
        ('2021-08-04', 4, 505.4, 0.77644, 1, 1, 1111111111, 3),
        ('2021-08-04', 4, 436.8, 0.80854, 1, 2, 2222222222, 3),
        ('2021-08-04', 4, 514.5, 0.87065, 1, 3, 3333333333, 3),
        ('2021-08-04', 4, 546.0, 0.83465, 1, 4, 4444444444, 3),
        ('2021-08-04', 4, 27.36, 0.7766, 1, 5, 5555555555, 3),
        ('2021-08-04', 4, 0.3024, 0.80356, 2, 6, 66666666, 2),
        ('2021-08-04', 5, 302.4, 0.78076, 1, 1, 1111111111, 3),
        ('2021-08-04', 5, 262.5, 0.81229, 1, 2, 2222222222, 3),
        ('2021-08-04', 5, 205.1, 0.87358, 1, 3, 3333333333, 3),
        ('2021-08-04', 5, 81.9, 0.83582, 1, 4, 4444444444, 3),
        ('2021-08-04', 5, 46.944, 0.78312, 1, 5, 5555555555, 3),
        ('2021-08-04', 5, 0.2418, 0.80759, 2, 6, 66666666, 2),
        ('2021-08-04', 6, 293.3, 0.78495, 1, 1, 1111111111, 3),
        ('2021-08-04', 6, 192.5, 0.81504, 1, 2, 2222222222, 3),
        ('2021-08-04', 6, 572.6, 0.88176, 1, 3, 3333333333, 3),
        ('2021-08-04', 6, 692.3, 0.84571, 1, 4, 4444444444, 3),
        ('2021-08-04', 6, 47.16, 0.78967, 1, 5, 5555555555, 3),
        ('2021-08-04', 6, 0.2748, 0.81217, 2, 6, 66666666, 2),
        ('2021-08-04', 7, 429.8, 0.79109, 1, 1, 1111111111, 3),
        ('2021-08-04', 7, 322.0, 0.81964, 1, 2, 2222222222, 3),
        ('2021-08-04', 7, 202.3, 0.88465, 1, 3, 3333333333, 3),
        ('2021-08-04', 7, 183.4, 0.84833, 1, 4, 4444444444, 3),
        ('2021-08-04', 7, 22.68, 0.79282, 1, 5, 5555555555, 3),
        ('2021-08-04', 7, 0.3234, 0.81756, 2, 6, 66666666, 2),
        ('2021-08-04', 8, 270.2, 0.79495, 1, 1, 1111111111, 3),
        ('2021-08-04', 8, 441.7, 0.82595, 1, 2, 2222222222, 3),
        ('2021-08-04', 8, 490.7, 0.89166, 1, 3, 3333333333, 3),
        ('2021-08-04', 8, 444.5, 0.85468, 1, 4, 4444444444, 3),
        ('2021-08-04', 8, 13.968, 0.79476, 1, 5, 5555555555, 3),
        ('2021-08-04', 8, 0.3348, 0.82314, 2, 6, 66666666, 2),
        ('2021-08-04', 9, 279.3, 0.79894, 1, 1, 1111111111, 3),
        ('2021-08-04', 9, 648.9, 0.83522, 1, 2, 2222222222, 3),
        ('2021-08-04', 9, 246.4, 0.89518, 1, 3, 3333333333, 3),
        ('2021-08-04', 9, 700.0, 0.86468, 1, 4, 4444444444, 3),
        ('2021-08-04', 9, 56.448, 0.8026, 1, 5, 5555555555, 3),
        ('2021-08-04', 9, 0.5844, 0.83288, 2, 6, 66666666, 2),
        ('2021-08-04', 10, 235.2, 0.8023, 1, 1, 1111111111, 3),
        ('2021-08-04', 10, 535.5, 0.84287, 1, 2, 2222222222, 3),
        ('2021-08-04', 10, 394.8, 0.90082, 1, 3, 3333333333, 3),
        ('2021-08-04', 10, 699.3, 0.87467, 1, 4, 4444444444, 3),
        ('2021-08-04', 10, 18.72, 0.8052, 1, 5, 5555555555, 3),
        ('2021-08-04', 10, 0.3204, 0.83822, 2, 6, 66666666, 2),
        ('2021-08-04', 11, 379.4, 0.80772, 1, 1, 1111111111, 3),
        ('2021-08-04', 11, 111.3, 0.84446, 1, 2, 2222222222, 3),
        ('2021-08-04', 11, 633.5, 0.90987, 1, 3, 3333333333, 3),
        ('2021-08-04', 11, 328.3, 0.87936, 1, 4, 4444444444, 3),
        ('2021-08-04', 11, 40.608, 0.81084, 1, 5, 5555555555, 3),
        ('2021-08-04', 11, 0.3696, 0.84438, 2, 6, 66666666, 2),
        ('2021-08-04', 12, 250.6, 0.8113, 1, 1, 1111111111, 3),
        ('2021-08-04', 12, 574.0, 0.85266, 1, 2, 2222222222, 3),
        ('2021-08-04', 12, 192.5, 0.91262, 1, 3, 3333333333, 3),
        ('2021-08-04', 12, 124.6, 0.88114, 1, 4, 4444444444, 3),
        ('2021-08-04', 12, 39.24, 0.81629, 1, 5, 5555555555, 3),
        ('2021-08-04', 12, 0.2118, 0.84791, 2, 6, 66666666, 2),
        ('2021-08-04', 13, 652.4, 0.82062, 1, 1, 1111111111, 3),
        ('2021-08-04', 13, 280.0, 0.85666, 1, 2, 2222222222, 3),
        ('2021-08-04', 13, 403.2, 0.91838, 1, 3, 3333333333, 3),
        ('2021-08-04', 13, 637.0, 0.89024, 1, 4, 4444444444, 3),
        ('2021-08-04', 13, 40.68, 0.82194, 1, 5, 5555555555, 3),
        ('2021-08-04', 13, 0.1854, 0.851, 2, 6, 66666666, 2),
        ('2021-08-04', 14, 156.1, 0.82285, 1, 1, 1111111111, 3),
        ('2021-08-04', 14, 640.5, 0.86581, 1, 2, 2222222222, 3),
        ('2021-08-04', 14, 368.9, 0.92365, 1, 3, 3333333333, 3),
        ('2021-08-04', 14, 88.9, 0.89151, 1, 4, 4444444444, 3),
        ('2021-08-04', 14, 50.832, 0.829, 1, 5, 5555555555, 3),
        ('2021-08-04', 14, 0.1926, 0.85421, 2, 6, 66666666, 2),
        ('2021-08-04', 15, 401.1, 0.82858, 1, 1, 1111111111, 3),
        ('2021-08-04', 15, 93.1, 0.86714, 1, 2, 2222222222, 3),
        ('2021-08-04', 15, 424.2, 0.92971, 1, 3, 3333333333, 3),
        ('2021-08-04', 15, 601.3, 0.9001, 1, 4, 4444444444, 3),
        ('2021-08-04', 15, 45.0, 0.83525, 1, 5, 5555555555, 3),
        ('2021-08-04', 15, 0.5946, 0.86412, 2, 6, 66666666, 2),
        ('2021-08-04', 16, 592.2, 0.83704, 1, 1, 1111111111, 3),
        ('2021-08-04', 16, 285.6, 0.87122, 1, 2, 2222222222, 3),
        ('2021-08-04', 16, 135.8, 0.93165, 1, 3, 3333333333, 3),
        ('2021-08-04', 16, 172.2, 0.90256, 1, 4, 4444444444, 3),
        ('2021-08-04', 16, 13.752, 0.83716, 1, 5, 5555555555, 3),
        ('2021-08-04', 16, 0.2364, 0.86806, 2, 6, 66666666, 2),
        ('2021-08-04', 17, 79.1, 0.83817, 1, 1, 1111111111, 3),
        ('2021-08-04', 17, 543.9, 0.87899, 1, 2, 2222222222, 3),
        ('2021-08-04', 17, 443.8, 0.93799, 1, 3, 3333333333, 3),
        ('2021-08-04', 17, 571.2, 0.91072, 1, 4, 4444444444, 3),
        ('2021-08-04', 17, 61.992, 0.84577, 1, 5, 5555555555, 3),
        ('2021-08-04', 17, 0.5724, 0.8776, 2, 6, 66666666, 2),
        ('2021-08-04', 18, 582.4, 0.84649, 1, 1, 1111111111, 3),
        ('2021-08-04', 18, 171.5, 0.88144, 1, 2, 2222222222, 3),
        ('2021-08-04', 18, 627.9, 0.94696, 1, 3, 3333333333, 3),
        ('2021-08-04', 18, 281.4, 0.91474, 1, 4, 4444444444, 3),
        ('2021-08-04', 18, 50.04, 0.85272, 1, 5, 5555555555, 3),
        ('2021-08-04', 18, 0.0876, 0.87906, 2, 6, 66666666, 2),
        ('2021-08-04', 19, 375.2, 0.85185, 1, 1, 1111111111, 3),
        ('2021-08-04', 19, 592.2, 0.8899, 1, 2, 2222222222, 3),
        ('2021-08-04', 19, 238.7, 0.95037, 1, 3, 3333333333, 3),
        ('2021-08-04', 19, 298.2, 0.919, 1, 4, 4444444444, 3),
        ('2021-08-04', 19, 53.856, 0.8602, 1, 5, 5555555555, 3),
        ('2021-08-04', 19, 0.4614, 0.88675, 2, 6, 66666666, 2),
        ('2021-08-04', 20, 671.3, 0.86144, 1, 1, 1111111111, 3),
        ('2021-08-04', 20, 682.5, 0.89965, 1, 2, 2222222222, 3),
        ('2021-08-04', 20, 583.8, 0.95871, 1, 3, 3333333333, 3),
        ('2021-08-04', 20, 197.4, 0.92182, 1, 4, 4444444444, 3),
        ('2021-08-04', 20, 61.56, 0.86875, 1, 5, 5555555555, 3),
        ('2021-08-04', 20, 0.5442, 0.89582, 2, 6, 66666666, 2),
        ('2021-08-04', 21, 260.4, 0.86516, 1, 1, 1111111111, 3),
        ('2021-08-04', 21, 170.1, 0.90208, 1, 2, 2222222222, 3),
        ('2021-08-04', 21, 197.4, 0.96153, 1, 3, 3333333333, 3),
        ('2021-08-04', 21, 226.1, 0.92505, 1, 4, 4444444444, 3),
        ('2021-08-04', 21, 54.216, 0.87628, 1, 5, 5555555555, 3),
        ('2021-08-04', 21, 0.4128, 0.9027, 2, 6, 66666666, 2),
        ('2021-08-04', 22, 210.0, 0.86816, 1, 1, 1111111111, 3),
        ('2021-08-04', 22, 158.9, 0.90435, 1, 2, 2222222222, 3),
        ('2021-08-04', 22, 567.7, 0.96964, 1, 3, 3333333333, 3),
        ('2021-08-04', 22, 393.4, 0.93067, 1, 4, 4444444444, 3),
        ('2021-08-04', 22, 53.28, 0.88368, 1, 5, 5555555555, 3),
        ('2021-08-04', 22, 0.3336, 0.90826, 2, 6, 66666666, 2),
        ('2021-08-04', 23, 157.5, 0.87041, 1, 1, 1111111111, 3),
        ('2021-08-04', 23, 115.5, 0.906, 1, 2, 2222222222, 3),
        ('2021-08-04', 23, 166.6, 0.97202, 1, 3, 3333333333, 3),
        ('2021-08-04', 23, 417.9, 0.93664, 1, 4, 4444444444, 3),
        ('2021-08-04', 23, 46.008, 0.89007, 1, 5, 5555555555, 3),
        ('2021-08-04', 23, 0.303, 0.91331, 2, 6, 66666666, 2),
        ('2021-08-04', 24, 321.3, 0.875, 1, 1, 1111111111, 3),
        ('2021-08-04', 24, 397.6, 0.91168, 1, 2, 2222222222, 3),
        ('2021-08-04', 24, 549.5, 0.97987, 1, 3, 3333333333, 3),
        ('2021-08-04', 24, 81.9, 0.93781, 1, 4, 4444444444, 3),
        ('2021-08-04', 24, 10.728, 0.89156, 1, 5, 5555555555, 3),
        ('2021-08-04', 24, 0.5046, 0.92172, 2, 6, 66666666, 2),
        ('2021-08-04', 25, 335.3, 0.87979, 1, 1, 1111111111, 3),
        ('2021-08-04', 25, 653.8, 0.92102, 1, 2, 2222222222, 3),
        ('2021-08-04', 25, 502.6, 0.98705, 1, 3, 3333333333, 3),
        ('2021-08-04', 25, 217.7, 0.94092, 1, 4, 4444444444, 3),
        ('2021-08-04', 25, 7.92, 0.89266, 1, 5, 5555555555, 3),
        ('2021-08-04', 25, 0.3972, 0.92834, 2, 6, 66666666, 2),
        ('2021-08-04', 26, 627.2, 0.88875, 1, 1, 1111111111, 3),
        ('2021-08-04', 26, 312.9, 0.92549, 1, 2, 2222222222, 3),
        ('2021-08-04', 26, 637.0, 0.99615, 1, 3, 3333333333, 3),
        ('2021-08-04', 26, 153.3, 0.94311, 1, 4, 4444444444, 3),
        ('2021-08-04', 26, 40.176, 0.89824, 1, 5, 5555555555, 3),
        ('2021-08-04', 26, 0.2646, 0.93275, 2, 6, 66666666, 2),
        ('2021-08-04', 27, 396.9, 0.89442, 1, 1, 1111111111, 3),
        ('2021-08-04', 27, 396.2, 0.93115, 1, 2, 2222222222, 3),
        ('2021-08-04', 27, 261.1, 0.99988, 1, 3, 3333333333, 3),
        ('2021-08-04', 27, 454.3, 0.9496, 1, 4, 4444444444, 3),
        ('2021-08-04', 27, 25.704, 0.90181, 1, 5, 5555555555, 3),
        ('2021-08-04', 27, 0.1104, 0.93459, 2, 6, 66666666, 2),
        ('2021-08-04', 28, 552.3, 0.90231, 1, 1, 1111111111, 3),
        ('2021-08-04', 28, 112.7, 0.93276, 1, 2, 2222222222, 3),
        ('2021-08-04', 28, 72.8, 1.00092, 1, 3, 3333333333, 3),
        ('2021-08-04', 28, 100.1, 0.95103, 1, 4, 4444444444, 3),
        ('2021-08-04', 28, 10.008, 0.9032, 1, 5, 5555555555, 3),
        ('2021-08-04', 28, 0.498, 0.94289, 2, 6, 66666666, 2),
        ('2021-08-04', 29, 385.7, 0.90782, 1, 1, 1111111111, 3),
        ('2021-08-04', 29, 536.2, 0.94042, 1, 2, 2222222222, 3),
        ('2021-08-04', 29, 280.0, 1.00492, 1, 3, 3333333333, 3),
        ('2021-08-04', 29, 639.1, 0.96016, 1, 4, 4444444444, 3),
        ('2021-08-04', 29, 56.088, 0.91099, 1, 5, 5555555555, 3),
        ('2021-08-04', 29, 0.5052, 0.95131, 2, 6, 66666666, 2),
        ('2021-08-04', 30, 441.0, 0.91412, 1, 1, 1111111111, 3),
        ('2021-08-04', 30, 266.0, 0.94422, 1, 2, 2222222222, 3),
        ('2021-08-04', 30, 651.7, 1.01423, 1, 3, 3333333333, 3),
        ('2021-08-04', 30, 412.3, 0.96605, 1, 4, 4444444444, 3),
        ('2021-08-04', 30, 36.144, 0.91601, 1, 5, 5555555555, 3),
        ('2021-08-04', 30, 0.1128, 0.95319, 2, 6, 66666666, 2),
        ('2021-08-04', 31, 456.4, 0.92064, 1, 1, 1111111111, 3),
        ('2021-08-04', 31, 307.3, 0.94861, 1, 2, 2222222222, 3),
        ('2021-08-04', 31, 581.0, 1.02253, 1, 3, 3333333333, 3),
        ('2021-08-04', 31, 233.1, 0.96938, 1, 4, 4444444444, 3),
        ('2021-08-04', 31, 13.968, 0.91795, 1, 5, 5555555555, 3),
        ('2021-08-04', 31, 0.1794, 0.95618, 2, 6, 66666666, 2),
        ('2021-08-04', 32, 382.2, 0.9261, 1, 1, 1111111111, 3),
        ('2021-08-04', 32, 491.4, 0.95563, 1, 2, 2222222222, 3),
        ('2021-08-04', 32, 459.9, 1.0291, 1, 3, 3333333333, 3),
        ('2021-08-04', 32, 611.1, 0.97811, 1, 4, 4444444444, 3),
        ('2021-08-04', 32, 68.904, 0.92752, 1, 5, 5555555555, 3),
        ('2021-08-04', 32, 0.231, 0.96003, 2, 6, 66666666, 2),
        ('2021-08-04', 33, 633.5, 0.93515, 1, 1, 1111111111, 3),
        ('2021-08-04', 33, 413.0, 0.96153, 1, 2, 2222222222, 3),
        ('2021-08-04', 33, 394.8, 1.03474, 1, 3, 3333333333, 3),
        ('2021-08-04', 33, 557.2, 0.98607, 1, 4, 4444444444, 3),
        ('2021-08-04', 33, 43.056, 0.9335, 1, 5, 5555555555, 3),
        ('2021-08-04', 33, 0.147, 0.96248, 2, 6, 66666666, 2),
        ('2021-08-04', 34, 229.6, 0.93843, 1, 1, 1111111111, 3),
        ('2021-08-04', 34, 577.5, 0.96978, 1, 2, 2222222222, 3),
        ('2021-08-04', 34, 250.6, 1.03832, 1, 3, 3333333333, 3),
        ('2021-08-04', 34, 110.6, 0.98765, 1, 4, 4444444444, 3),
        ('2021-08-04', 34, 57.816, 0.94153, 1, 5, 5555555555, 3),
        ('2021-08-04', 34, 0.192, 0.96568, 2, 6, 66666666, 2),
        ('2021-08-04', 35, 574.7, 0.94664, 1, 1, 1111111111, 3),
        ('2021-08-04', 35, 116.2, 0.97144, 1, 2, 2222222222, 3),
        ('2021-08-04', 35, 181.3, 1.04091, 1, 3, 3333333333, 3),
        ('2021-08-04', 35, 586.6, 0.99603, 1, 4, 4444444444, 3),
        ('2021-08-04', 35, 52.992, 0.94889, 1, 5, 5555555555, 3),
        ('2021-08-04', 35, 0.072, 0.96688, 2, 6, 66666666, 2),
        ('2021-08-04', 36, 653.8, 0.95598, 1, 1, 1111111111, 3),
        ('2021-08-04', 36, 623.7, 0.98035, 1, 2, 2222222222, 3),
        ('2021-08-04', 36, 687.4, 1.05073, 1, 3, 3333333333, 3),
        ('2021-08-04', 36, 461.3, 1.00262, 1, 4, 4444444444, 3),
        ('2021-08-04', 36, 25.992, 0.9525, 1, 5, 5555555555, 3),
        ('2021-08-04', 36, 0.2118, 0.97041, 2, 6, 66666666, 2),
        ('2021-08-04', 37, 168.0, 0.95838, 1, 1, 1111111111, 3),
        ('2021-08-04', 37, 414.4, 0.98627, 1, 2, 2222222222, 3),
        ('2021-08-04', 37, 344.4, 1.05565, 1, 3, 3333333333, 3),
        ('2021-08-04', 37, 361.9, 1.00779, 1, 4, 4444444444, 3),
        ('2021-08-04', 37, 19.656, 0.95523, 1, 5, 5555555555, 3),
        ('2021-08-04', 37, 0.4128, 0.97729, 2, 6, 66666666, 2),
        ('2021-08-04', 38, 259.0, 0.96208, 1, 1, 1111111111, 3),
        ('2021-08-04', 38, 126.7, 0.98808, 1, 2, 2222222222, 3),
        ('2021-08-04', 38, 571.9, 1.06382, 1, 3, 3333333333, 3),
        ('2021-08-04', 38, 120.4, 1.00951, 1, 4, 4444444444, 3),
        ('2021-08-04', 38, 13.536, 0.95711, 1, 5, 5555555555, 3),
        ('2021-08-04', 38, 0.2118, 0.98082, 2, 6, 66666666, 2),
        ('2021-08-04', 39, 627.2, 0.97104, 1, 1, 1111111111, 3),
        ('2021-08-04', 39, 198.1, 0.99091, 1, 2, 2222222222, 3),
        ('2021-08-04', 39, 413.0, 1.06972, 1, 3, 3333333333, 3),
        ('2021-08-04', 39, 205.1, 1.01244, 1, 4, 4444444444, 3),
        ('2021-08-04', 39, 10.8, 0.95861, 1, 5, 5555555555, 3),
        ('2021-08-04', 39, 0.3522, 0.98669, 2, 6, 66666666, 2),
        ('2021-08-04', 40, 196.7, 0.97385, 1, 1, 1111111111, 3),
        ('2021-08-04', 40, 559.3, 0.9989, 1, 2, 2222222222, 3),
        ('2021-08-04', 40, 379.4, 1.07514, 1, 3, 3333333333, 3),
        ('2021-08-04', 40, 410.9, 1.01831, 1, 4, 4444444444, 3),
        ('2021-08-04', 40, 62.352, 0.96727, 1, 5, 5555555555, 3),
        ('2021-08-04', 40, 0.5316, 0.99555, 2, 6, 66666666, 2),
        ('2021-08-04', 41, 72.1, 0.97488, 1, 1, 1111111111, 3),
        ('2021-08-04', 41, 513.1, 1.00623, 1, 2, 2222222222, 3),
        ('2021-08-04', 41, 139.3, 1.07713, 1, 3, 3333333333, 3),
        ('2021-08-04', 41, 289.1, 1.02244, 1, 4, 4444444444, 3),
        ('2021-08-04', 41, 47.016, 0.9738, 1, 5, 5555555555, 3),
        ('2021-08-04', 41, 0.1476, 0.99801, 2, 6, 66666666, 2),
        ('2021-08-04', 42, 443.1, 0.98121, 1, 1, 1111111111, 3),
        ('2021-08-04', 42, 667.1, 1.01576, 1, 2, 2222222222, 3),
        ('2021-08-04', 42, 567.0, 1.08523, 1, 3, 3333333333, 3),
        ('2021-08-04', 42, 664.3, 1.03193, 1, 4, 4444444444, 3),
        ('2021-08-04', 42, 17.496, 0.97623, 1, 5, 5555555555, 3),
        ('2021-08-04', 42, 0.0738, 0.99924, 2, 6, 66666666, 2),
        ('2021-08-04', 43, 163.1, 0.98354, 1, 1, 1111111111, 3),
        ('2021-08-04', 43, 397.6, 1.02144, 1, 2, 2222222222, 3),
        ('2021-08-04', 43, 108.5, 1.08678, 1, 3, 3333333333, 3),
        ('2021-08-04', 43, 690.2, 1.04179, 1, 4, 4444444444, 3),
        ('2021-08-04', 43, 56.232, 0.98404, 1, 5, 5555555555, 3),
        ('2021-08-04', 43, 0.2766, 1.00385, 2, 6, 66666666, 2),
        ('2021-08-04', 44, 672.0, 0.99314, 1, 1, 1111111111, 3),
        ('2021-08-04', 44, 508.2, 1.0287, 1, 2, 2222222222, 3),
        ('2021-08-04', 44, 546.7, 1.09459, 1, 3, 3333333333, 3),
        ('2021-08-04', 44, 420.7, 1.0478, 1, 4, 4444444444, 3),
        ('2021-08-04', 44, 7.632, 0.9851, 1, 5, 5555555555, 3),
        ('2021-08-04', 44, 0.3678, 1.00998, 2, 6, 66666666, 2),
        ('2021-08-04', 45, 546.0, 1.00094, 1, 1, 1111111111, 3),
        ('2021-08-04', 45, 291.2, 1.03286, 1, 2, 2222222222, 3),
        ('2021-08-04', 45, 207.2, 1.09755, 1, 3, 3333333333, 3),
        ('2021-08-04', 45, 515.2, 1.05516, 1, 4, 4444444444, 3),
        ('2021-08-04', 45, 15.552, 0.98726, 1, 5, 5555555555, 3),
        ('2021-08-04', 45, 0.105, 1.01173, 2, 6, 66666666, 2),
        ('2021-08-04', 46, 184.1, 1.00357, 1, 1, 1111111111, 3),
        ('2021-08-04', 46, 473.2, 1.03962, 1, 2, 2222222222, 3),
        ('2021-08-04', 46, 148.4, 1.09967, 1, 3, 3333333333, 3),
        ('2021-08-04', 46, 420.7, 1.06117, 1, 4, 4444444444, 3),
        ('2021-08-04', 46, 52.776, 0.99459, 1, 5, 5555555555, 3),
        ('2021-08-04', 46, 0.1104, 1.01357, 2, 6, 66666666, 2),
        ('2021-08-04', 47, 544.6, 1.01135, 1, 1, 1111111111, 3),
        ('2021-08-04', 47, 456.4, 1.04614, 1, 2, 2222222222, 3),
        ('2021-08-04', 47, 544.6, 1.10745, 1, 3, 3333333333, 3),
        ('2021-08-04', 47, 594.3, 1.06966, 1, 4, 4444444444, 3),
        ('2021-08-04', 47, 56.664, 1.00246, 1, 5, 5555555555, 3),
        ('2021-08-04', 47, 0.1308, 1.01575, 2, 6, 66666666, 2),
        ('2021-08-04', 48, 392.7, 1.01696, 1, 1, 1111111111, 3),
        ('2021-08-04', 48, 427.0, 1.05224, 1, 2, 2222222222, 3),
        ('2021-08-04', 48, 636.3, 1.11654, 1, 3, 3333333333, 3),
        ('2021-08-04', 48, 288.4, 1.07378, 1, 4, 4444444444, 3),
        ('2021-08-04', 48, 33.912, 1.00717, 1, 5, 5555555555, 3),
        ('2021-08-04', 48, 0.417, 1.0227, 2, 6, 66666666, 2),
        ('2021-08-05', 1, 537.6, 1.02464, 1, 1, 1111111111, 3),
        ('2021-08-05', 1, 261.1, 1.05597, 1, 2, 2222222222, 3),
        ('2021-08-05', 1, 275.1, 1.12047, 1, 3, 3333333333, 3),
        ('2021-08-05', 1, 527.1, 1.08131, 1, 4, 4444444444, 3),
        ('2021-08-05', 1, 17.496, 1.0096, 1, 5, 5555555555, 3),
        ('2021-08-05', 1, 0.5502, 1.03187, 2, 6, 66666666, 2),
        ('2021-08-05', 2, 413.7, 1.03055, 1, 1, 1111111111, 3),
        ('2021-08-05', 2, 102.9, 1.05744, 1, 2, 2222222222, 3),
        ('2021-08-05', 2, 622.3, 1.12936, 1, 3, 3333333333, 3),
        ('2021-08-05', 2, 307.3, 1.0857, 1, 4, 4444444444, 3),
        ('2021-08-05', 2, 56.16, 1.0174, 1, 5, 5555555555, 3),
        ('2021-08-05', 2, 0.216, 1.03547, 2, 6, 66666666, 2),
        ('2021-08-05', 3, 634.2, 1.03961, 1, 1, 1111111111, 3),
        ('2021-08-05', 3, 296.8, 1.06168, 1, 2, 2222222222, 3),
        ('2021-08-05', 3, 579.6, 1.13764, 1, 3, 3333333333, 3),
        ('2021-08-05', 3, 508.9, 1.09297, 1, 4, 4444444444, 3),
        ('2021-08-05', 3, 45.648, 1.02374, 1, 5, 5555555555, 3),
        ('2021-08-05', 3, 0.3678, 1.0416, 2, 6, 66666666, 2),
        ('2021-08-05', 4, 611.1, 1.04834, 1, 1, 1111111111, 3),
        ('2021-08-05', 4, 623.7, 1.07059, 1, 2, 2222222222, 3),
        ('2021-08-05', 4, 440.3, 1.14393, 1, 3, 3333333333, 3),
        ('2021-08-05', 4, 454.3, 1.09946, 1, 4, 4444444444, 3),
        ('2021-08-05', 4, 27.648, 1.02758, 1, 5, 5555555555, 3),
        ('2021-08-05', 4, 0.5892, 1.05142, 2, 6, 66666666, 2),
        ('2021-08-05', 5, 377.3, 1.05373, 1, 1, 1111111111, 3),
        ('2021-08-05', 5, 373.1, 1.07592, 1, 2, 2222222222, 3),
        ('2021-08-05', 5, 614.6, 1.15271, 1, 3, 3333333333, 3),
        ('2021-08-05', 5, 570.5, 1.10761, 1, 4, 4444444444, 3),
        ('2021-08-05', 5, 49.536, 1.03446, 1, 5, 5555555555, 3),
        ('2021-08-05', 5, 0.312, 1.05662, 2, 6, 66666666, 2),
        ('2021-08-05', 6, 140.7, 1.05574, 1, 1, 1111111111, 3),
        ('2021-08-05', 6, 609.7, 1.08463, 1, 2, 2222222222, 3),
        ('2021-08-05', 6, 580.3, 1.161, 1, 3, 3333333333, 3),
        ('2021-08-05', 6, 663.6, 1.11709, 1, 4, 4444444444, 3),
        ('2021-08-05', 6, 71.856, 1.04444, 1, 5, 5555555555, 3),
        ('2021-08-05', 6, 0.5364, 1.06556, 2, 6, 66666666, 2),
        ('2021-08-05', 7, 87.5, 1.05699, 1, 1, 1111111111, 3),
        ('2021-08-05', 7, 236.6, 1.08801, 1, 2, 2222222222, 3),
        ('2021-08-05', 7, 448.7, 1.16741, 1, 3, 3333333333, 3),
        ('2021-08-05', 7, 380.1, 1.12252, 1, 4, 4444444444, 3),
        ('2021-08-05', 7, 40.176, 1.05002, 1, 5, 5555555555, 3),
        ('2021-08-05', 7, 0.3264, 1.071, 2, 6, 66666666, 2),
        ('2021-08-05', 8, 133.0, 1.05889, 1, 1, 1111111111, 3),
        ('2021-08-05', 8, 613.9, 1.09678, 1, 2, 2222222222, 3),
        ('2021-08-05', 8, 353.5, 1.17246, 1, 3, 3333333333, 3),
        ('2021-08-05', 8, 574.7, 1.13073, 1, 4, 4444444444, 3),
        ('2021-08-05', 8, 17.784, 1.05249, 1, 5, 5555555555, 3),
        ('2021-08-05', 8, 0.4476, 1.07846, 2, 6, 66666666, 2),
        ('2021-08-05', 9, 499.1, 1.06602, 1, 1, 1111111111, 3),
        ('2021-08-05', 9, 315.0, 1.10128, 1, 2, 2222222222, 3),
        ('2021-08-05', 9, 490.7, 1.17947, 1, 3, 3333333333, 3),
        ('2021-08-05', 9, 77.7, 1.13184, 1, 4, 4444444444, 3),
        ('2021-08-05', 9, 62.136, 1.06112, 1, 5, 5555555555, 3),
        ('2021-08-05', 9, 0.3654, 1.08455, 2, 6, 66666666, 2),
        ('2021-08-05', 10, 639.1, 1.07515, 1, 1, 1111111111, 3),
        ('2021-08-05', 10, 204.4, 1.1042, 1, 2, 2222222222, 3),
        ('2021-08-05', 10, 418.6, 1.18545, 1, 3, 3333333333, 3),
        ('2021-08-05', 10, 613.2, 1.1406, 1, 4, 4444444444, 3),
        ('2021-08-05', 10, 22.536, 1.06425, 1, 5, 5555555555, 3),
        ('2021-08-05', 10, 0.255, 1.0888, 2, 6, 66666666, 2),
        ('2021-08-05', 11, 170.8, 1.07759, 1, 1, 1111111111, 3),
        ('2021-08-05', 11, 661.5, 1.11365, 1, 2, 2222222222, 3),
        ('2021-08-05', 11, 168.7, 1.18786, 1, 3, 3333333333, 3),
        ('2021-08-05', 11, 406.0, 1.1464, 1, 4, 4444444444, 3),
        ('2021-08-05', 11, 56.016, 1.07203, 1, 5, 5555555555, 3),
        ('2021-08-05', 11, 0.3234, 1.09419, 2, 6, 66666666, 2),
        ('2021-08-05', 12, 430.5, 1.08374, 1, 1, 1111111111, 3),
        ('2021-08-05', 12, 430.5, 1.1198, 1, 2, 2222222222, 3),
        ('2021-08-05', 12, 560.0, 1.19586, 1, 3, 3333333333, 3),
        ('2021-08-05', 12, 154.7, 1.14861, 1, 4, 4444444444, 3),
        ('2021-08-05', 12, 50.832, 1.07909, 1, 5, 5555555555, 3),
        ('2021-08-05', 12, 0.2124, 1.09773, 2, 6, 66666666, 2),
        ('2021-08-05', 13, 581.7, 1.09205, 1, 1, 1111111111, 3),
        ('2021-08-05', 13, 356.3, 1.12489, 1, 2, 2222222222, 3),
        ('2021-08-05', 13, 406.0, 1.20166, 1, 3, 3333333333, 3),
        ('2021-08-05', 13, 301.0, 1.15291, 1, 4, 4444444444, 3),
        ('2021-08-05', 13, 40.32, 1.08469, 1, 5, 5555555555, 3),
        ('2021-08-05', 13, 0.2262, 1.1015, 2, 6, 66666666, 2),
        ('2021-08-05', 14, 244.3, 1.09554, 1, 1, 1111111111, 3),
        ('2021-08-05', 14, 197.4, 1.12771, 1, 2, 2222222222, 3),
        ('2021-08-05', 14, 279.3, 1.20565, 1, 3, 3333333333, 3),
        ('2021-08-05', 14, 219.1, 1.15604, 1, 4, 4444444444, 3),
        ('2021-08-05', 14, 34.056, 1.08942, 1, 5, 5555555555, 3),
        ('2021-08-05', 14, 0.2952, 1.10642, 2, 6, 66666666, 2),
        ('2021-08-05', 15, 121.8, 1.09728, 1, 1, 1111111111, 3),
        ('2021-08-05', 15, 515.2, 1.13507, 1, 2, 2222222222, 3),
        ('2021-08-05', 15, 233.1, 1.20898, 1, 3, 3333333333, 3),
        ('2021-08-05', 15, 329.0, 1.16074, 1, 4, 4444444444, 3),
        ('2021-08-05', 15, 26.856, 1.09315, 1, 5, 5555555555, 3),
        ('2021-08-05', 15, 0.4974, 1.11471, 2, 6, 66666666, 2),
        ('2021-08-05', 16, 326.2, 1.10194, 1, 1, 1111111111, 3),
        ('2021-08-05', 16, 578.9, 1.14334, 1, 2, 2222222222, 3),
        ('2021-08-05', 16, 655.9, 1.21835, 1, 3, 3333333333, 3),
        ('2021-08-05', 16, 300.3, 1.16503, 1, 4, 4444444444, 3),
        ('2021-08-05', 16, 56.664, 1.10102, 1, 5, 5555555555, 3),
        ('2021-08-05', 16, 0.4452, 1.12213, 2, 6, 66666666, 2),
        ('2021-08-05', 17, 228.9, 1.10521, 1, 1, 1111111111, 3),
        ('2021-08-05', 17, 520.8, 1.15078, 1, 2, 2222222222, 3),
        ('2021-08-05', 17, 359.1, 1.22348, 1, 3, 3333333333, 3),
        ('2021-08-05', 17, 347.2, 1.16999, 1, 4, 4444444444, 3),
        ('2021-08-05', 17, 71.568, 1.11096, 1, 5, 5555555555, 3),
        ('2021-08-05', 17, 0.1752, 1.12505, 2, 6, 66666666, 2),
        ('2021-08-05', 18, 316.4, 1.10973, 1, 1, 1111111111, 3),
        ('2021-08-05', 18, 669.2, 1.16034, 1, 2, 2222222222, 3),
        ('2021-08-05', 18, 689.5, 1.23333, 1, 3, 3333333333, 3),
        ('2021-08-05', 18, 613.2, 1.17875, 1, 4, 4444444444, 3),
        ('2021-08-05', 18, 29.448, 1.11505, 1, 5, 5555555555, 3),
        ('2021-08-05', 18, 0.3924, 1.13159, 2, 6, 66666666, 2),
        ('2021-08-05', 19, 284.9, 1.1138, 1, 1, 1111111111, 3),
        ('2021-08-05', 19, 382.2, 1.1658, 1, 2, 2222222222, 3),
        ('2021-08-05', 19, 658.7, 1.24274, 1, 3, 3333333333, 3),
        ('2021-08-05', 19, 189.7, 1.18146, 1, 4, 4444444444, 3),
        ('2021-08-05', 19, 44.496, 1.12123, 1, 5, 5555555555, 3),
        ('2021-08-05', 19, 0.372, 1.13779, 2, 6, 66666666, 2),
        ('2021-08-05', 20, 163.1, 1.11613, 1, 1, 1111111111, 3),
        ('2021-08-05', 20, 598.5, 1.17435, 1, 2, 2222222222, 3),
        ('2021-08-05', 20, 327.6, 1.24742, 1, 3, 3333333333, 3),
        ('2021-08-05', 20, 275.8, 1.1854, 1, 4, 4444444444, 3),
        ('2021-08-05', 20, 52.992, 1.12859, 1, 5, 5555555555, 3),
        ('2021-08-05', 20, 0.072, 1.13899, 2, 6, 66666666, 2),
        ('2021-08-05', 21, 523.6, 1.12361, 1, 1, 1111111111, 3),
        ('2021-08-05', 21, 380.1, 1.17978, 1, 2, 2222222222, 3),
        ('2021-08-05', 21, 657.3, 1.25681, 1, 3, 3333333333, 3),
        ('2021-08-05', 21, 657.3, 1.19479, 1, 4, 4444444444, 3),
        ('2021-08-05', 21, 54.072, 1.1361, 1, 5, 5555555555, 3),
        ('2021-08-05', 21, 0.4866, 1.1471, 2, 6, 66666666, 2),
        ('2021-08-05', 22, 189.7, 1.12632, 1, 1, 1111111111, 3),
        ('2021-08-05', 22, 390.6, 1.18536, 1, 2, 2222222222, 3),
        ('2021-08-05', 22, 72.1, 1.25784, 1, 3, 3333333333, 3),
        ('2021-08-05', 22, 155.4, 1.19701, 1, 4, 4444444444, 3),
        ('2021-08-05', 22, 61.992, 1.14471, 1, 5, 5555555555, 3),
        ('2021-08-05', 22, 0.3306, 1.15261, 2, 6, 66666666, 2),
        ('2021-08-05', 23, 657.3, 1.13571, 1, 1, 1111111111, 3),
        ('2021-08-05', 23, 630.7, 1.19437, 1, 2, 2222222222, 3),
        ('2021-08-05', 23, 303.1, 1.26217, 1, 3, 3333333333, 3),
        ('2021-08-05', 23, 363.3, 1.2022, 1, 4, 4444444444, 3),
        ('2021-08-05', 23, 26.64, 1.14841, 1, 5, 5555555555, 3),
        ('2021-08-05', 23, 0.111, 1.15446, 2, 6, 66666666, 2),
        ('2021-08-05', 24, 582.4, 1.14403, 1, 1, 1111111111, 3),
        ('2021-08-05', 24, 424.9, 1.20044, 1, 2, 2222222222, 3),
        ('2021-08-05', 24, 463.4, 1.26879, 1, 3, 3333333333, 3),
        ('2021-08-05', 24, 146.3, 1.20429, 1, 4, 4444444444, 3),
        ('2021-08-05', 24, 64.368, 1.15735, 1, 5, 5555555555, 3),
        ('2021-08-05', 24, 0.2508, 1.15864, 2, 6, 66666666, 2),
        ('2021-08-05', 25, 336.7, 1.14884, 1, 1, 1111111111, 3),
        ('2021-08-05', 25, 314.3, 1.20493, 1, 2, 2222222222, 3),
        ('2021-08-05', 25, 518.7, 1.2762, 1, 3, 3333333333, 3),
        ('2021-08-05', 25, 143.5, 1.20634, 1, 4, 4444444444, 3),
        ('2021-08-05', 25, 23.112, 1.16056, 1, 5, 5555555555, 3),
        ('2021-08-05', 25, 0.5928, 1.16852, 2, 6, 66666666, 2),
        ('2021-08-05', 26, 418.6, 1.15482, 1, 1, 1111111111, 3),
        ('2021-08-05', 26, 406.0, 1.21073, 1, 2, 2222222222, 3),
        ('2021-08-05', 26, 316.4, 1.28072, 1, 3, 3333333333, 3),
        ('2021-08-05', 26, 485.8, 1.21328, 1, 4, 4444444444, 3),
        ('2021-08-05', 26, 66.096, 1.16974, 1, 5, 5555555555, 3),
        ('2021-08-05', 26, 0.1638, 1.17125, 2, 6, 66666666, 2),
        ('2021-08-05', 27, 588.0, 1.16322, 1, 1, 1111111111, 3),
        ('2021-08-05', 27, 578.9, 1.219, 1, 2, 2222222222, 3),
        ('2021-08-05', 27, 613.9, 1.28949, 1, 3, 3333333333, 3),
        ('2021-08-05', 27, 650.3, 1.22257, 1, 4, 4444444444, 3),
        ('2021-08-05', 27, 50.472, 1.17675, 1, 5, 5555555555, 3),
        ('2021-08-05', 27, 0.4824, 1.17929, 2, 6, 66666666, 2),
        ('2021-08-05', 28, 326.2, 1.16788, 1, 1, 1111111111, 3),
        ('2021-08-05', 28, 334.6, 1.22378, 1, 2, 2222222222, 3),
        ('2021-08-05', 28, 377.3, 1.29488, 1, 3, 3333333333, 3),
        ('2021-08-05', 28, 507.5, 1.22982, 1, 4, 4444444444, 3),
        ('2021-08-05', 28, 25.992, 1.18036, 1, 5, 5555555555, 3),
        ('2021-08-05', 28, 0.5496, 1.18845, 2, 6, 66666666, 2),
        ('2021-08-05', 29, 251.3, 1.17147, 1, 1, 1111111111, 3),
        ('2021-08-05', 29, 344.4, 1.2287, 1, 2, 2222222222, 3),
        ('2021-08-05', 29, 644.7, 1.30409, 1, 3, 3333333333, 3),
        ('2021-08-05', 29, 377.3, 1.23521, 1, 4, 4444444444, 3),
        ('2021-08-05', 29, 29.376, 1.18444, 1, 5, 5555555555, 3),
        ('2021-08-05', 29, 0.4404, 1.19579, 2, 6, 66666666, 2),
        ('2021-08-05', 30, 206.5, 1.17442, 1, 1, 1111111111, 3),
        ('2021-08-05', 30, 413.0, 1.2346, 1, 2, 2222222222, 3),
        ('2021-08-05', 30, 627.2, 1.31305, 1, 3, 3333333333, 3),
        ('2021-08-05', 30, 641.2, 1.24437, 1, 4, 4444444444, 3),
        ('2021-08-05', 30, 60.552, 1.19285, 1, 5, 5555555555, 3),
        ('2021-08-05', 30, 0.213, 1.19934, 2, 6, 66666666, 2),
        ('2021-08-05', 31, 254.1, 1.17805, 1, 1, 1111111111, 3),
        ('2021-08-05', 31, 187.6, 1.23728, 1, 2, 2222222222, 3),
        ('2021-08-05', 31, 658.0, 1.32245, 1, 3, 3333333333, 3),
        ('2021-08-05', 31, 505.4, 1.25159, 1, 4, 4444444444, 3),
        ('2021-08-05', 31, 24.336, 1.19623, 1, 5, 5555555555, 3),
        ('2021-08-05', 31, 0.51, 1.20784, 2, 6, 66666666, 2),
        ('2021-08-05', 32, 695.1, 1.18798, 1, 1, 1111111111, 3),
        ('2021-08-05', 32, 414.4, 1.2432, 1, 2, 2222222222, 3),
        ('2021-08-05', 32, 165.2, 1.32481, 1, 3, 3333333333, 3),
        ('2021-08-05', 32, 431.9, 1.25776, 1, 4, 4444444444, 3),
        ('2021-08-05', 32, 51.048, 1.20332, 1, 5, 5555555555, 3),
        ('2021-08-05', 32, 0.2124, 1.21138, 2, 6, 66666666, 2),
        ('2021-08-05', 33, 655.2, 1.19734, 1, 1, 1111111111, 3),
        ('2021-08-05', 33, 163.1, 1.24553, 1, 2, 2222222222, 3),
        ('2021-08-05', 33, 249.9, 1.32838, 1, 3, 3333333333, 3),
        ('2021-08-05', 33, 696.5, 1.26771, 1, 4, 4444444444, 3),
        ('2021-08-05', 33, 41.472, 1.20908, 1, 5, 5555555555, 3),
        ('2021-08-05', 33, 0.1578, 1.21401, 2, 6, 66666666, 2),
        ('2021-08-05', 34, 247.8, 1.20088, 1, 1, 1111111111, 3),
        ('2021-08-05', 34, 425.6, 1.25161, 1, 2, 2222222222, 3),
        ('2021-08-05', 34, 536.2, 1.33604, 1, 3, 3333333333, 3),
        ('2021-08-05', 34, 173.6, 1.27019, 1, 4, 4444444444, 3),
        ('2021-08-05', 34, 71.568, 1.21902, 1, 5, 5555555555, 3),
        ('2021-08-05', 34, 0.063, 1.21506, 2, 6, 66666666, 2),
        ('2021-08-05', 35, 424.9, 1.20695, 1, 1, 1111111111, 3),
        ('2021-08-05', 35, 183.4, 1.25423, 1, 2, 2222222222, 3),
        ('2021-08-05', 35, 255.5, 1.33969, 1, 3, 3333333333, 3),
        ('2021-08-05', 35, 93.1, 1.27152, 1, 4, 4444444444, 3),
        ('2021-08-05', 35, 16.2, 1.22127, 1, 5, 5555555555, 3),
        ('2021-08-05', 35, 0.198, 1.21836, 2, 6, 66666666, 2),
        ('2021-08-05', 36, 156.8, 1.20919, 1, 1, 1111111111, 3),
        ('2021-08-05', 36, 531.3, 1.26182, 1, 2, 2222222222, 3),
        ('2021-08-05', 36, 379.4, 1.34511, 1, 3, 3333333333, 3),
        ('2021-08-05', 36, 654.5, 1.28087, 1, 4, 4444444444, 3),
        ('2021-08-05', 36, 53.928, 1.22876, 1, 5, 5555555555, 3),
        ('2021-08-05', 36, 0.2112, 1.22188, 2, 6, 66666666, 2),
        ('2021-08-05', 37, 357.0, 1.21429, 1, 1, 1111111111, 3),
        ('2021-08-05', 37, 354.2, 1.26688, 1, 2, 2222222222, 3),
        ('2021-08-05', 37, 361.2, 1.35027, 1, 3, 3333333333, 3),
        ('2021-08-05', 37, 453.6, 1.28735, 1, 4, 4444444444, 3),
        ('2021-08-05', 37, 59.76, 1.23706, 1, 5, 5555555555, 3),
        ('2021-08-05', 37, 0.5688, 1.23136, 2, 6, 66666666, 2),
        ('2021-08-05', 38, 186.2, 1.21695, 1, 1, 1111111111, 3),
        ('2021-08-05', 38, 690.9, 1.27675, 1, 2, 2222222222, 3),
        ('2021-08-05', 38, 317.8, 1.35481, 1, 3, 3333333333, 3),
        ('2021-08-05', 38, 98.0, 1.28875, 1, 4, 4444444444, 3),
        ('2021-08-05', 38, 49.392, 1.24392, 1, 5, 5555555555, 3),
        ('2021-08-05', 38, 0.2322, 1.23523, 2, 6, 66666666, 2),
        ('2021-08-05', 39, 111.3, 1.21854, 1, 1, 1111111111, 3),
        ('2021-08-05', 39, 223.3, 1.27994, 1, 2, 2222222222, 3),
        ('2021-08-05', 39, 606.9, 1.36348, 1, 3, 3333333333, 3),
        ('2021-08-05', 39, 151.2, 1.29091, 1, 4, 4444444444, 3),
        ('2021-08-05', 39, 42.336, 1.2498, 1, 5, 5555555555, 3),
        ('2021-08-05', 39, 0.1218, 1.23726, 2, 6, 66666666, 2),
        ('2021-08-05', 40, 407.4, 1.22436, 1, 1, 1111111111, 3),
        ('2021-08-05', 40, 623.0, 1.28884, 1, 2, 2222222222, 3),
        ('2021-08-05', 40, 555.1, 1.37141, 1, 3, 3333333333, 3),
        ('2021-08-05', 40, 548.8, 1.29875, 1, 4, 4444444444, 3),
        ('2021-08-05', 40, 17.928, 1.25229, 1, 5, 5555555555, 3),
        ('2021-08-05', 40, 0.1182, 1.23923, 2, 6, 66666666, 2),
        ('2021-08-05', 41, 452.9, 1.23083, 1, 1, 1111111111, 3),
        ('2021-08-05', 41, 305.2, 1.2932, 1, 2, 2222222222, 3),
        ('2021-08-05', 41, 435.4, 1.37763, 1, 3, 3333333333, 3),
        ('2021-08-05', 41, 496.3, 1.30584, 1, 4, 4444444444, 3),
        ('2021-08-05', 41, 12.672, 1.25405, 1, 5, 5555555555, 3),
        ('2021-08-05', 41, 0.5766, 1.24884, 2, 6, 66666666, 2),
        ('2021-08-05', 42, 639.8, 1.23997, 1, 1, 1111111111, 3),
        ('2021-08-05', 42, 356.3, 1.29829, 1, 2, 2222222222, 3),
        ('2021-08-05', 42, 535.5, 1.38528, 1, 3, 3333333333, 3),
        ('2021-08-05', 42, 648.2, 1.3151, 1, 4, 4444444444, 3),
        ('2021-08-05', 42, 23.688, 1.25734, 1, 5, 5555555555, 3),
        ('2021-08-05', 42, 0.1092, 1.25066, 2, 6, 66666666, 2),
        ('2021-08-05', 43, 349.3, 1.24496, 1, 1, 1111111111, 3),
        ('2021-08-05', 43, 627.2, 1.30725, 1, 2, 2222222222, 3),
        ('2021-08-05', 43, 398.3, 1.39097, 1, 3, 3333333333, 3),
        ('2021-08-05', 43, 145.6, 1.31718, 1, 4, 4444444444, 3),
        ('2021-08-05', 43, 34.848, 1.26218, 1, 5, 5555555555, 3),
        ('2021-08-05', 43, 0.3192, 1.25598, 2, 6, 66666666, 2),
        ('2021-08-05', 44, 267.4, 1.24878, 1, 1, 1111111111, 3),
        ('2021-08-05', 44, 699.3, 1.31724, 1, 2, 2222222222, 3),
        ('2021-08-05', 44, 218.4, 1.39409, 1, 3, 3333333333, 3),
        ('2021-08-05', 44, 606.2, 1.32584, 1, 4, 4444444444, 3),
        ('2021-08-05', 44, 20.808, 1.26507, 1, 5, 5555555555, 3),
        ('2021-08-05', 44, 0.5322, 1.26485, 2, 6, 66666666, 2),
        ('2021-08-05', 45, 401.1, 1.25451, 1, 1, 1111111111, 3),
        ('2021-08-05', 45, 233.1, 1.32057, 1, 2, 2222222222, 3),
        ('2021-08-05', 45, 577.5, 1.40234, 1, 3, 3333333333, 3),
        ('2021-08-05', 45, 628.6, 1.33482, 1, 4, 4444444444, 3),
        ('2021-08-05', 45, 18.504, 1.26764, 1, 5, 5555555555, 3),
        ('2021-08-05', 45, 0.1848, 1.26793, 2, 6, 66666666, 2),
        ('2021-08-05', 46, 658.7, 1.26392, 1, 1, 1111111111, 3),
        ('2021-08-05', 46, 623.0, 1.32947, 1, 2, 2222222222, 3),
        ('2021-08-05', 46, 79.1, 1.40347, 1, 3, 3333333333, 3),
        ('2021-08-05', 46, 136.5, 1.33677, 1, 4, 4444444444, 3),
        ('2021-08-05', 46, 31.392, 1.272, 1, 5, 5555555555, 3),
        ('2021-08-05', 46, 0.5958, 1.27786, 2, 6, 66666666, 2),
        ('2021-08-05', 47, 89.6, 1.2652, 1, 1, 1111111111, 3),
        ('2021-08-05', 47, 70.7, 1.33048, 1, 2, 2222222222, 3),
        ('2021-08-05', 47, 97.3, 1.40486, 1, 3, 3333333333, 3),
        ('2021-08-05', 47, 368.9, 1.34204, 1, 4, 4444444444, 3),
        ('2021-08-05', 47, 45.0, 1.27825, 1, 5, 5555555555, 3),
        ('2021-08-05', 47, 0.3768, 1.28414, 2, 6, 66666666, 2),
        ('2021-08-05', 48, 515.2, 1.27256, 1, 1, 1111111111, 3),
        ('2021-08-05', 48, 613.2, 1.33924, 1, 2, 2222222222, 3),
        ('2021-08-05', 48, 585.2, 1.41322, 1, 3, 3333333333, 3),
        ('2021-08-05', 48, 233.1, 1.34537, 1, 4, 4444444444, 3),
        ('2021-08-05', 48, 55.944, 1.28602, 1, 5, 5555555555, 3),
        ('2021-08-05', 48, 0.3906, 1.29065, 2, 6, 66666666, 2);


